Stride;Time (mm:ss);Duration;Strike power;Gait;Speed;Max. height;Length;Hand;Lateral balance;Longitudinal balance;Energy;BPM
3169;1652.53;810 ms;0.4 G;canter;67 m/min;3 cm;0.9 m;S;-0.5 º (L);-4.6 º (F);6;
3170;1652.84;310 ms;1.1 G;canter;92 m/min;3 cm;0.47 m;L;-4.9 º (L);5.6 º (B);132.34;
3171;1653.45;610 ms;1 G;canter;77 m/min;7 cm;0.79 m;S;-1.8 º (L);6.1 º (B);595.62;
3172;1653.8;350 ms;1.1 G;canter;146 m/min;5 cm;0.85 m;R;7.5 º (R);1.4 º (B);245.49;
3173;1654.37;570 ms;1.7 G;canter;206 m/min;9 cm;1.96 m;R;17 º (R);-4.2 º (F);625.28;
3174;1654.79;420 ms;1.3 G;canter;281 m/min;6 cm;1.97 m;R;11.1 º (R);-1.7 º (F);536.19;
3175;1655.27;480 ms;1.7 G;canter;344 m/min;5 cm;2.75 m;R;6.7 º (R);-0.9 º (F);733.38;
3176;1655.89;620 ms;2.2 G;canter;435 m/min;5 cm;4.5 m;R;6 º (R);-1.6 º (F);1205.39;
3177;1656.37;480 ms;2.8 G;canter;500 m/min;8 cm;4 m;R;4 º (R);-6.8 º (F);1182.41;
3178;1656.9;530 ms;4.4 G;canter;500 m/min;13 cm;4.42 m;R;4.4 º (R);-1.8 º (F);2221.9;
3179;1657.38;480 ms;3.4 G;canter;492 m/min;12 cm;3.94 m;R;4.6 º (R);-2.3 º (F);1744.59;
3180;1657.92;540 ms;4.2 G;canter;511 m/min;16 cm;4.6 m;R;4.4 º (R);-2.4 º (F);2370.81;
3181;1658.49;570 ms;4.6 G;canter;480 m/min;19 cm;4.56 m;R;7.6 º (R);0.8 º (B);2117.43;
3182;1659.02;530 ms;3.3 G;canter;492 m/min;15 cm;4.35 m;R;4.4 º (R);-0.3 º (F);1388.94;
3183;1659.56;540 ms;8.2 G;canter;487 m/min;18 cm;4.38 m;R;4.5 º (R);1.9 º (B);2240.86;
3184;1660.12;560 ms;7.5 G;canter;453 m/min;16 cm;4.23 m;S;1.3 º (R);8.4 º (B);2905.12;
3185;1660.61;490 ms;1.5 G;canter;439 m/min;12 cm;3.58 m;S;2.5 º (R);5.9 º (B);1021.02;
3186;1661.03;420 ms;4 G;canter;431 m/min;11 cm;3.02 m;R;2.8 º (R);0.1 º (B);1520.48;
3187;1662.32;260 ms;2.9 G;canter;472 m/min;7 cm;2.04 m;S;2.5 º (R);-13.7 º (F);1225.97;
3188;1662.87;550 ms;3.7 G;canter;412 m/min;6 cm;3.78 m;R;2.4 º (R);-0.2 º (F);1305.59;
3189;1663.34;470 ms;2.8 G;canter;498 m/min;5 cm;3.9 m;R;5.9 º (R);-4.1 º (F);1284.42;
3190;1663.84;500 ms;3.8 G;canter;537 m/min;8 cm;4.48 m;R;5.1 º (R);-5 º (F);1817.5;
3191;1664.33;490 ms;3.3 G;canter;584 m/min;10 cm;4.77 m;R;1.9 º (R);-5.2 º (F);2383.12;
3192;1664.85;520 ms;2.4 G;canter;571 m/min;10 cm;4.95 m;S;2.7 º (R);-0.8 º (F);1716.06;
3193;1665.37;520 ms;4.7 G;canter;605 m/min;8 cm;5.24 m;S;-0.7 º (L);-3.2 º (F);2688.72;
3194;1665.83;460 ms;4.3 G;canter;631 m/min;8 cm;4.84 m;S;1.4 º (R);-6.2 º (F);1953.11;
3195;1666.35;520 ms;4 G;canter;654 m/min;10 cm;5.67 m;S;3.3 º (R);-5.2 º (F);2847.29;
3196;1666.86;510 ms;4.8 G;canter;629 m/min;10 cm;5.35 m;S;1.5 º (R);-3.2 º (F);2562.08;
3197;1667.36;500 ms;5.3 G;canter;652 m/min;11 cm;5.44 m;S;2.1 º (R);-5.3 º (F);2832.4;
3198;1667.86;500 ms;7.2 G;canter;638 m/min;11 cm;5.31 m;S;0.9 º (R);-3.3 º (F);3097.58;
3199;1668.39;530 ms;8.2 G;canter;649 m/min;11 cm;5.73 m;S;0.7 º (R);-3 º (F);2948.47;
3200;1668.85;460 ms;6.5 G;canter;663 m/min;10 cm;5.08 m;S;2 º (R);-6.4 º (F);2767.11;
3201;1669.42;570 ms;7.9 G;canter;655 m/min;12 cm;6.23 m;S;1.2 º (R);-2.9 º (F);4268.19;
3202;1669.87;450 ms;4.2 G;canter;688 m/min;9 cm;5.16 m;S;2.6 º (R);-6 º (F);1649.7;
3203;1670.42;550 ms;8.5 G;canter;663 m/min;15 cm;6.07 m;S;1.3 º (R);-3.1 º (F);3892.42;
3204;1670.92;500 ms;7.4 G;canter;664 m/min;10 cm;5.53 m;S;1.9 º (R);-3.5 º (F);2540;
3205;1671.47;550 ms;6.1 G;canter;635 m/min;13 cm;5.82 m;S;3.2 º (R);-2 º (F);2953.85;
3206;1671.99;520 ms;7.7 G;canter;621 m/min;15 cm;5.38 m;R;3.7 º (R);-2.7 º (F);3191.15;
3207;1672.54;550 ms;5.9 G;canter;614 m/min;13 cm;5.63 m;R;4 º (R);-0.4 º (F);3531.55;
3208;1673.01;470 ms;4 G;canter;583 m/min;11 cm;4.57 m;R;1.7 º (R);-1 º (F);1398.41;
3209;1673.61;600 ms;8.2 G;canter;561 m/min;21 cm;5.61 m;S;1.7 º (R);1.3 º (B);3343.92;
3210;1674.13;520 ms;5.2 G;canter;585 m/min;15 cm;5.07 m;S;2.3 º (R);0.8 º (B);2220.69;
3211;1674.67;540 ms;4.8 G;canter;564 m/min;17 cm;5.07 m;R;6.2 º (R);9.9 º (B);2389.17;
3212;1675.2;530 ms;5.7 G;canter;488 m/min;16 cm;4.31 m;S;3.6 º (R);9.4 º (B);2867.4;
3213;1675.65;450 ms;2.8 G;canter;466 m/min;10 cm;3.5 m;S;1.5 º (R);13.5 º (B);863.46;
3214;1676.04;390 ms;4.9 G;canter;417 m/min;8 cm;2.71 m;S;2.9 º (R);9.3 º (B);1157.75;
3215;1677.41;230 ms;2.2 G;canter;434 m/min;7 cm;1.66 m;S;-3.2 º (L);-15.6 º (F);1110.34;
3216;1677.98;570 ms;2.4 G;canter;422 m/min;7 cm;4.01 m;R;7.8 º (R);0.5 º (B);1652.01;
3217;1678.44;460 ms;1.6 G;canter;520 m/min;6 cm;3.98 m;R;9.8 º (R);-4.1 º (F);1160.4;
3218;1678.93;490 ms;3 G;canter;604 m/min;7 cm;4.94 m;R;12.4 º (R);-5.9 º (F);2163.7;
3219;1679.38;450 ms;3.5 G;canter;634 m/min;7 cm;4.76 m;R;10.1 º (R);-5.5 º (F);1836.17;
3220;1679.88;500 ms;3.6 G;canter;673 m/min;8 cm;5.61 m;R;7.9 º (R);-7.3 º (F);2631.38;
3221;1680.38;500 ms;3.1 G;canter;652 m/min;11 cm;5.43 m;R;8.2 º (R);-5.7 º (F);2720.46;
3222;1680.9;520 ms;5 G;canter;651 m/min;12 cm;5.64 m;R;9.3 º (R);-4.5 º (F);3042.81;
3223;1681.4;500 ms;4.8 G;canter;672 m/min;12 cm;5.6 m;R;7.8 º (R);-5.3 º (F);3007.84;
3224;1681.92;520 ms;6.2 G;canter;674 m/min;12 cm;5.84 m;R;8.3 º (R);-4.3 º (F);3902.75;
3225;1682.43;510 ms;3.7 G;canter;649 m/min;12 cm;5.51 m;R;5.8 º (R);-4.1 º (F);2277.64;
3226;1682.94;510 ms;6.2 G;canter;644 m/min;12 cm;5.47 m;R;3.6 º (R);-4.1 º (F);2995.8;
3227;1683.44;500 ms;5.1 G;canter;593 m/min;12 cm;4.94 m;R;2.1 º (R);-2.4 º (F);2665.1;
3228;1683.99;550 ms;6.1 G;canter;578 m/min;16 cm;5.3 m;R;2.1 º (R);-3.8 º (F);2990.48;
3229;1684.53;540 ms;5.4 G;canter;613 m/min;14 cm;5.51 m;R;2.4 º (R);-6.9 º (F);2409.41;
3230;1685.02;490 ms;5.1 G;canter;614 m/min;12 cm;5.02 m;S;-1.9 º (L);-5.9 º (F);2637.4;
3231;1685.52;500 ms;4.3 G;canter;690 m/min;12 cm;5.75 m;S;0.2 º (R);-7.8 º (F);2905.15;
3232;1686.06;540 ms;4.5 G;canter;655 m/min;13 cm;5.9 m;R;4.8 º (R);-6 º (F);3553.03;
3233;1686.56;500 ms;4 G;canter;617 m/min;13 cm;5.14 m;R;4.5 º (R);-5.1 º (F);2311.33;
3234;1687.14;580 ms;4.7 G;canter;602 m/min;16 cm;5.82 m;R;3.2 º (R);-4.7 º (F);3752.15;
3235;1687.63;490 ms;4 G;canter;570 m/min;11 cm;4.66 m;S;-0.5 º (L);-5.3 º (F);1698.89;
3236;1688.22;590 ms;7.3 G;canter;511 m/min;20 cm;5.03 m;S;2.2 º (R);-2.1 º (F);3310.83;
3237;1688.75;530 ms;3.3 G;canter;555 m/min;12 cm;4.91 m;S;0.4 º (R);-5.2 º (F);2056.76;
3238;1689.22;470 ms;4.8 G;canter;548 m/min;12 cm;4.29 m;S;1.4 º (R);-4.5 º (F);1939.74;
3239;1689.75;530 ms;4.7 G;canter;571 m/min;15 cm;5.04 m;S;0 º (L);1.1 º (B);2394.74;
3240;1690.28;530 ms;7.3 G;canter;563 m/min;15 cm;4.97 m;L;-1.9 º (L);4.4 º (B);2776.4;
3241;1690.74;460 ms;7 G;canter;523 m/min;12 cm;4.01 m;S;0.2 º (R);7.7 º (B);1376.3;
3242;1691.19;450 ms;5.8 G;canter;464 m/min;13 cm;3.48 m;R;2.3 º (R);3.3 º (B);1532.46;
3243;1692.5;230 ms;2.3 G;canter;552 m/min;5 cm;2.12 m;R;4.5 º (R);-16.4 º (F);1234.27;
3244;1693.01;510 ms;1.8 G;canter;514 m/min;7 cm;4.37 m;S;-3.5 º (L);-5.3 º (F);1345.02;
3245;1693.51;500 ms;2 G;canter;589 m/min;7 cm;4.91 m;L;-4.8 º (L);-6.7 º (F);1261.17;
3246;1694.02;510 ms;3.1 G;canter;594 m/min;9 cm;5.05 m;S;-1.5 º (L);-4.7 º (F);2153.09;
3247;1694.53;510 ms;4.8 G;canter;631 m/min;10 cm;5.36 m;S;1.2 º (R);-8.2 º (F);2312.08;
3248;1695.04;510 ms;4.4 G;canter;618 m/min;12 cm;5.25 m;S;0.8 º (R);-8.1 º (F);2564.15;
3249;1695.55;510 ms;5.1 G;canter;631 m/min;12 cm;5.36 m;S;2.4 º (R);-7.1 º (F);2754.57;
3250;1696.07;520 ms;3.6 G;canter;645 m/min;12 cm;5.59 m;S;1.7 º (R);-5.6 º (F);2719.42;
3251;1696.61;540 ms;4.5 G;canter;648 m/min;14 cm;5.83 m;S;-0.5 º (L);-5.7 º (F);2880.13;
3252;1697.14;530 ms;7 G;canter;668 m/min;11 cm;5.9 m;S;-1.8 º (L);-7.7 º (F);3817.1;
3253;1697.64;500 ms;3.4 G;canter;635 m/min;10 cm;5.29 m;S;-1.3 º (L);-4.9 º (F);1834.69;
3254;1698.16;520 ms;7.3 G;canter;614 m/min;14 cm;5.32 m;L;-4.7 º (L);-3.2 º (F);3064;
3255;1698.66;500 ms;7.4 G;canter;592 m/min;12 cm;4.93 m;L;-8.1 º (L);-2.1 º (F);2823.44;
3256;1699.14;480 ms;4.9 G;canter;635 m/min;11 cm;5.08 m;L;-9.8 º (L);-5.5 º (F);2566.36;
3257;1699.67;530 ms;3.4 G;canter;623 m/min;13 cm;5.5 m;L;-7.9 º (L);-6.2 º (F);2512.74;
3258;1700.18;510 ms;6 G;canter;644 m/min;12 cm;5.47 m;L;-5.1 º (L);-6.3 º (F);2743.24;
3259;1700.69;510 ms;4.4 G;canter;667 m/min;11 cm;5.67 m;S;-2.2 º (L);-6.7 º (F);2723.92;
3260;1701.2;510 ms;6.8 G;canter;657 m/min;11 cm;5.59 m;S;-2.3 º (L);-6.2 º (F);3305.12;
3261;1701.7;500 ms;6.8 G;canter;679 m/min;9 cm;5.66 m;S;-2 º (L);-5.9 º (F);2575.05;
3262;1702.25;550 ms;10.5 G;canter;656 m/min;15 cm;6.01 m;S;-1.8 º (L);-4.3 º (F);4884.59;
3263;1702.71;460 ms;4.1 G;canter;656 m/min;11 cm;5.03 m;L;-3.9 º (L);-3 º (F);2203.7;
3264;1703.32;610 ms;5.1 G;canter;579 m/min;12 cm;5.89 m;L;-7.4 º (L);-0.6 º (F);3105.14;
3265;1703.78;460 ms;3.9 G;canter;586 m/min;13 cm;4.49 m;S;-1.7 º (L);-7.3 º (F);2753.52;
3266;1704.34;560 ms;3.2 G;canter;554 m/min;18 cm;5.18 m;R;7.3 º (R);-2.9 º (F);2599.07;
3267;1704.89;550 ms;4.3 G;canter;510 m/min;16 cm;4.68 m;R;7.5 º (R);-1.3 º (F);2899.97;
3268;1705.4;510 ms;2.6 G;canter;517 m/min;16 cm;4.39 m;R;7.4 º (R);0.3 º (B);1890.2;
3269;1705.89;490 ms;4.9 G;canter;489 m/min;14 cm;3.99 m;R;7.6 º (R);-2 º (F);1907.69;
3270;1706.42;530 ms;3.3 G;canter;477 m/min;14 cm;4.21 m;R;10.3 º (R);-1.3 º (F);1888.61;
3271;1706.95;530 ms;2.9 G;canter;456 m/min;14 cm;4.03 m;R;15.6 º (R);-2 º (F);2426.28;
3272;1707.44;490 ms;1.7 G;canter;463 m/min;12 cm;3.78 m;R;16.7 º (R);-1.1 º (F);1460.6;
3273;1707.95;510 ms;2.5 G;canter;505 m/min;11 cm;4.29 m;R;10.6 º (R);-3.5 º (F);1860.85;
3274;1708.5;550 ms;3.3 G;canter;532 m/min;13 cm;4.88 m;R;8.5 º (R);-3.4 º (F);2508.56;
3275;1709.04;540 ms;4.6 G;canter;573 m/min;15 cm;5.16 m;R;8.9 º (R);-2.6 º (F);2443.84;
3276;1709.54;500 ms;3 G;canter;570 m/min;12 cm;4.75 m;R;8.2 º (R);-2.7 º (F);2045.84;
3277;1710.1;560 ms;4.8 G;canter;577 m/min;18 cm;5.39 m;R;6.1 º (R);-1 º (F);3325.24;
3278;1710.65;550 ms;5.4 G;canter;560 m/min;17 cm;5.13 m;R;5.3 º (R);2.4 º (B);2703.4;
3279;1711.17;520 ms;4 G;canter;538 m/min;16 cm;4.67 m;S;2.8 º (R);3 º (B);2226.23;
3280;1711.73;560 ms;6.1 G;canter;486 m/min;18 cm;4.54 m;S;1.6 º (R);4.9 º (B);2559.35;
3281;1712.31;580 ms;5.7 G;canter;466 m/min;18 cm;4.5 m;S;0.7 º (R);3.7 º (B);3008.43;
3282;1712.79;480 ms;2.3 G;canter;474 m/min;12 cm;3.79 m;S;-1.6 º (L);0.1 º (B);1256.98;
3283;1713.23;440 ms;5.6 G;canter;473 m/min;12 cm;3.47 m;S;1.3 º (R);-0.4 º (F);1944.7;
3284;1714.6;280 ms;2.1 G;canter;538 m/min;11 cm;2.51 m;R;6.7 º (R);-15.6 º (F);1445.55;
3285;1715.15;550 ms;2.2 G;canter;479 m/min;9 cm;4.39 m;S;-5.9 º (L);-2.3 º (F);1796.76;
3286;1715.63;480 ms;1.8 G;canter;502 m/min;8 cm;4.01 m;L;-6.6 º (L);-5 º (F);1122.15;
3287;1716.18;550 ms;5 G;canter;574 m/min;12 cm;5.26 m;L;-3.1 º (L);-6.8 º (F);2882.68;
3288;1716.67;490 ms;3.3 G;canter;585 m/min;12 cm;4.78 m;S;1.6 º (R);-6.6 º (F);1749.68;
3289;1717.22;550 ms;4.7 G;canter;592 m/min;16 cm;5.42 m;L;-2.2 º (L);-7.5 º (F);3288.29;
3290;1717.77;550 ms;4.7 G;canter;599 m/min;13 cm;5.5 m;S;-0.4 º (L);-6.5 º (F);2685.24;
3291;1718.28;510 ms;4.1 G;canter;555 m/min;13 cm;4.72 m;S;1.9 º (R);-5 º (F);2069.59;
3292;1718.81;530 ms;4.3 G;canter;565 m/min;15 cm;4.99 m;S;-1.2 º (L);-5.2 º (F);2724.42;
3293;1719.36;550 ms;3.6 G;canter;543 m/min;16 cm;4.98 m;L;-6.8 º (L);-6.3 º (F);2590.84;
3294;1719.91;550 ms;4.7 G;canter;509 m/min;17 cm;4.67 m;L;-5.6 º (L);-4.1 º (F);2737.87;
3295;1720.47;560 ms;3.9 G;canter;471 m/min;18 cm;4.39 m;L;-7.7 º (L);-2.6 º (F);2253.81;
3296;1721.03;560 ms;3.8 G;canter;462 m/min;18 cm;4.31 m;L;-6.7 º (L);-2 º (F);1987.85;
3297;1721.52;490 ms;4.2 G;canter;435 m/min;14 cm;3.55 m;L;-5.7 º (L);-3.5 º (F);1653.86;
3298;1722.09;570 ms;5.3 G;canter;427 m/min;16 cm;4.06 m;S;-2.9 º (L);3.4 º (B);1855.23;
3299;1722.61;520 ms;4 G;canter;445 m/min;14 cm;3.85 m;S;1.6 º (R);4.4 º (B);1292.46;
3300;1723.05;440 ms;4.7 G;canter;419 m/min;9 cm;3.08 m;S;-0.8 º (L);-3.2 º (F);1407.45;
3301;1724.44;280 ms;1.5 G;canter;517 m/min;13 cm;2.41 m;L;-6.6 º (L);-20.3 º (F);966.95;
3302;1724.99;550 ms;3 G;canter;497 m/min;15 cm;4.56 m;L;-8.5 º (L);-4.3 º (F);1963.45;
3303;1725.49;500 ms;4.4 G;canter;465 m/min;16 cm;3.87 m;L;-6.8 º (L);1.3 º (B);2285.38;
3304;1726;510 ms;3.5 G;canter;436 m/min;17 cm;3.71 m;L;-5 º (L);6.8 º (B);1586.68;
3305;1726.64;640 ms;5.2 G;canter;392 m/min;22 cm;4.18 m;S;-0.6 º (L);10.7 º (B);2139.39;
3306;1727.15;510 ms;2.4 G;canter;410 m/min;12 cm;3.49 m;R;5.9 º (R);-2.7 º (F);1139.49;
3307;1727.61;460 ms;2.2 G;canter;436 m/min;8 cm;3.34 m;R;6.7 º (R);-5.8 º (F);1116.06;
3308;1728.99;250 ms;2.2 G;canter;491 m/min;11 cm;2.05 m;L;-4.7 º (L);-19.6 º (F);1062.56;
3309;1729.52;530 ms;2.4 G;canter;495 m/min;11 cm;4.37 m;S;3.7 º (R);-2.8 º (F);1693.72;
3310;1730.92;310 ms;1.6 G;canter;468 m/min;11 cm;2.42 m;L;-5 º (L);-13.1 º (F);1019.13;
3311;1731.43;510 ms;1.9 G;canter;434 m/min;9 cm;3.69 m;R;8.9 º (R);-1.2 º (F);1569.09;
3312;1731.9;470 ms;2.6 G;canter;504 m/min;8 cm;3.95 m;R;17.1 º (R);-5 º (F);1445.38;
3313;1732.43;530 ms;2.9 G;canter;526 m/min;10 cm;4.65 m;R;16.1 º (R);-5.3 º (F);2127.1;
3314;1732.92;490 ms;2.6 G;canter;579 m/min;10 cm;4.73 m;R;8.2 º (R);-5 º (F);1853.64;
3315;1733.42;500 ms;4.4 G;canter;588 m/min;10 cm;4.9 m;R;8.4 º (R);-3.6 º (F);2124.86;
3316;1733.93;510 ms;4.3 G;canter;657 m/min;11 cm;5.59 m;R;8.7 º (R);-6 º (F);3252.71;
3317;1734.46;530 ms;5 G;canter;641 m/min;10 cm;5.66 m;R;7.5 º (R);-4.4 º (F);2327.91;
3318;1734.91;450 ms;5.6 G;canter;655 m/min;8 cm;4.91 m;R;10.6 º (R);-7.7 º (F);1902.61;
3319;1735.39;480 ms;4.7 G;canter;629 m/min;10 cm;5.03 m;R;10.7 º (R);-2.8 º (F);3441.81;
3320;1735.99;600 ms;4.8 G;canter;578 m/min;12 cm;5.78 m;R;8.3 º (R);1.9 º (B);2992.49;
3321;1736.52;530 ms;4.5 G;canter;517 m/min;14 cm;4.57 m;R;7.3 º (R);-1.8 º (F);2472.01;
3322;1737.03;510 ms;4.1 G;canter;525 m/min;12 cm;4.46 m;R;5.2 º (R);-3.5 º (F);1958.33;
3323;1737.57;540 ms;4 G;canter;528 m/min;14 cm;4.75 m;R;6 º (R);-2.9 º (F);2406.48;
3324;1738.1;530 ms;4.3 G;canter;525 m/min;12 cm;4.64 m;R;8.3 º (R);-4.3 º (F);2150.61;
3325;1738.63;530 ms;4.9 G;canter;560 m/min;13 cm;4.95 m;R;7.9 º (R);-4.8 º (F);3235.61;
3326;1739.12;490 ms;4.3 G;canter;600 m/min;10 cm;4.9 m;R;6.2 º (R);-5.3 º (F);1746.4;
3327;1739.65;530 ms;5 G;canter;581 m/min;14 cm;5.14 m;R;7.2 º (R);-4.6 º (F);3263.66;
3328;1740.19;540 ms;5.7 G;canter;553 m/min;13 cm;4.98 m;R;6.7 º (R);-3.3 º (F);2938.77;
3329;1740.74;550 ms;5.3 G;canter;550 m/min;15 cm;5.04 m;R;5.5 º (R);-3.8 º (F);2835.98;
3330;1741.26;520 ms;5.3 G;canter;520 m/min;13 cm;4.51 m;R;5.5 º (R);-4.8 º (F);3021.13;
3331;1741.77;510 ms;3.9 G;canter;504 m/min;12 cm;4.28 m;R;5.5 º (R);-3.9 º (F);1752.31;
3332;1742.35;580 ms;5 G;canter;525 m/min;17 cm;5.08 m;R;6.7 º (R);-2.1 º (F);3787.08;
3333;1742.85;500 ms;3.1 G;canter;533 m/min;12 cm;4.44 m;R;8.2 º (R);-1 º (F);1427.8;
3334;1743.4;550 ms;3.9 G;canter;456 m/min;17 cm;4.18 m;R;8.1 º (R);-1.8 º (F);2510.04;
3335;1743.99;590 ms;3.7 G;canter;435 m/min;19 cm;4.28 m;R;8.2 º (R);-2 º (F);2727.65;
3336;1744.51;520 ms;3.5 G;canter;421 m/min;14 cm;3.65 m;R;9.6 º (R);-0.5 º (F);1519.59;
3337;1745.06;550 ms;3.5 G;canter;377 m/min;17 cm;3.45 m;R;13.4 º (R);2.1 º (B);1840.2;
3338;1745.59;530 ms;3.9 G;canter;370 m/min;14 cm;3.27 m;R;15.8 º (R);0.8 º (B);1816;
3339;1746.13;540 ms;3.6 G;canter;398 m/min;17 cm;3.58 m;R;13.1 º (R);3.8 º (B);2067.24;
3340;1746.65;520 ms;3.4 G;canter;423 m/min;14 cm;3.67 m;R;9.7 º (R);9.3 º (B);1990.94;
3341;1747.05;400 ms;4.9 G;canter;381 m/min;11 cm;2.54 m;R;5.1 º (R);5.2 º (B);1163.56;
3342;1748.46;330 ms;3.4 G;canter;397 m/min;4 cm;2.19 m;S;-0.4 º (L);-18 º (F);575.41;
3343;1749.02;560 ms;5 G;canter;375 m/min;19 cm;3.5 m;R;4.3 º (R);6.8 º (B);2099.61;
3344;1749.57;550 ms;3.8 G;canter;388 m/min;18 cm;3.56 m;R;6.6 º (R);8.6 º (B);1485.34;
3345;1749.97;400 ms;3.5 G;canter;407 m/min;11 cm;2.71 m;R;2.6 º (R);3.8 º (B);940.79;
3346;1750.43;460 ms;7 G;canter;414 m/min;14 cm;3.17 m;S;2.9 º (R);6.4 º (B);1917.4;
3347;1751.81;390 ms;4.2 G;canter;442 m/min;12 cm;2.87 m;S;-2.7 º (L);-17.5 º (F);1370.05;
3348;1752.28;470 ms;2.5 G;canter;436 m/min;12 cm;3.41 m;R;10.1 º (R);-4 º (F);1332.68;
3349;1752.77;490 ms;2.3 G;canter;446 m/min;10 cm;3.64 m;R;14.5 º (R);-6 º (F);1415.19;
3350;1753.31;540 ms;3.6 G;canter;542 m/min;10 cm;4.88 m;R;18.2 º (R);-5.6 º (F);1746.28;
3351;1753.82;510 ms;4 G;canter;552 m/min;10 cm;4.69 m;R;17.8 º (R);-5.6 º (F);1689.15;
3352;1754.33;510 ms;4.7 G;canter;568 m/min;10 cm;4.83 m;R;13.1 º (R);-5.4 º (F);2286.83;
3353;1754.83;500 ms;3.6 G;canter;583 m/min;9 cm;4.86 m;R;7.4 º (R);-5.1 º (F);2339.64;
3354;1755.33;500 ms;4.1 G;canter;615 m/min;9 cm;5.12 m;R;5 º (R);-5.6 º (F);2142.31;
3355;1755.83;500 ms;5.1 G;canter;602 m/min;10 cm;5.02 m;R;2.5 º (R);-5.8 º (F);2460.02;
3356;1756.39;560 ms;7.7 G;canter;653 m/min;13 cm;6.1 m;S;0.6 º (R);-6.7 º (F);3933.08;
3357;1756.84;450 ms;3.7 G;canter;675 m/min;8 cm;5.06 m;S;2.3 º (R);-8.7 º (F);1589.69;
3358;1757.38;540 ms;6.4 G;canter;662 m/min;13 cm;5.95 m;S;1.3 º (R);-5.5 º (F);3483.68;
3359;1757.91;530 ms;6.6 G;canter;663 m/min;13 cm;5.86 m;S;2 º (R);-5.2 º (F);2834.56;
3360;1758.46;550 ms;6.8 G;canter;622 m/min;14 cm;5.7 m;R;4.3 º (R);-2.8 º (F);3723.09;
3361;1758.97;510 ms;6.3 G;canter;620 m/min;11 cm;5.27 m;S;2 º (R);-4.1 º (F);2672.22;
3362;1759.48;510 ms;4.3 G;canter;624 m/min;11 cm;5.3 m;S;-0.3 º (L);-2.8 º (F);2272.24;
3363;1760;520 ms;5.4 G;canter;623 m/min;15 cm;5.4 m;S;2.1 º (R);-2.9 º (F);3155.67;
3364;1760.56;560 ms;5.3 G;canter;622 m/min;15 cm;5.81 m;L;-2.3 º (L);-3.1 º (F);3770.65;
3365;1761.08;520 ms;3.8 G;canter;575 m/min;12 cm;4.99 m;L;-3.9 º (L);-1 º (F);1924.46;
3366;1761.63;550 ms;5 G;canter;558 m/min;16 cm;5.12 m;S;0.1 º (R);0.1 º (B);2656.71;
3367;1762.17;540 ms;5 G;canter;551 m/min;16 cm;4.96 m;S;0.5 º (R);-0.5 º (F);3054.31;
3368;1762.71;540 ms;4 G;canter;525 m/min;14 cm;4.72 m;S;-1.4 º (L);8.1 º (B);1871.91;
3369;1763.18;470 ms;7.2 G;canter;504 m/min;13 cm;3.95 m;L;-5.1 º (L);5.2 º (B);1746.84;
3370;1763.57;390 ms;4.4 G;canter;486 m/min;8 cm;3.16 m;L;-6.1 º (L);4.8 º (B);1622.46;
3371;1764.88;270 ms;2.5 G;canter;523 m/min;7 cm;2.35 m;R;1.9 º (R);-15.8 º (F);1003.37;
3372;1765.41;530 ms;3.1 G;canter;504 m/min;8 cm;4.45 m;S;1.3 º (R);-1.9 º (F);1080.4;
3373;1765.9;490 ms;2.3 G;canter;585 m/min;6 cm;4.78 m;S;5.2 º (R);-5.7 º (F);914.22;
3374;1766.46;560 ms;4.4 G;canter;585 m/min;13 cm;5.46 m;R;9.2 º (R);-4.1 º (F);2644.69;
3375;1766.94;480 ms;2.7 G;canter;588 m/min;8 cm;4.7 m;R;6.5 º (R);-3.8 º (F);1587.1;
3376;1767.4;460 ms;3.8 G;canter;577 m/min;10 cm;4.43 m;S;4 º (R);-7.4 º (F);2103.34;
3377;1768.01;610 ms;7.7 G;canter;630 m/min;13 cm;6.4 m;S;3.8 º (R);-5.5 º (F);3882.5;
3378;1768.49;480 ms;3.2 G;canter;637 m/min;10 cm;5.09 m;R;3 º (R);-7.9 º (F);1529.75;
3379;1769.05;560 ms;5.1 G;canter;599 m/min;16 cm;5.59 m;S;0.1 º (R);-4.3 º (F);3198.89;
3380;1769.58;530 ms;4.8 G;canter;592 m/min;13 cm;5.23 m;S;1 º (R);-3.2 º (F);2931.19;
3381;1770.12;540 ms;8.5 G;canter;583 m/min;16 cm;5.25 m;S;4.7 º (R);-2.8 º (F);2936.62;
3382;1770.66;540 ms;5.2 G;canter;550 m/min;15 cm;4.95 m;S;1.5 º (R);-3.1 º (F);2814.92;
3383;1771.21;550 ms;3.6 G;canter;526 m/min;16 cm;4.82 m;L;-4 º (L);-3 º (F);2691.39;
3384;1771.78;570 ms;4.8 G;canter;565 m/min;18 cm;5.37 m;L;-3.9 º (L);-4.4 º (F);3329.59;
3385;1772.28;500 ms;3.2 G;canter;554 m/min;13 cm;4.62 m;L;-1.8 º (L);-5.6 º (F);1247.47;
3386;1772.88;600 ms;5.7 G;canter;503 m/min;21 cm;5.03 m;L;-3.6 º (L);-3.3 º (F);3503.65;
3387;1773.43;550 ms;4.9 G;canter;483 m/min;15 cm;4.43 m;L;-6.6 º (L);1.6 º (B);2420.41;
3388;1773.97;540 ms;4.5 G;canter;449 m/min;17 cm;4.04 m;L;-6.4 º (L);11.4 º (B);1728.55;
3389;1774.44;470 ms;5 G;canter;403 m/min;12 cm;3.16 m;S;-4.1 º (L);9.7 º (B);1272.09;
3390;1774.86;420 ms;5.5 G;canter;385 m/min;13 cm;2.7 m;S;-4.5 º (L);4.8 º (B);1988.81;
3391;1776.04;130 ms;8.4 G;canter;290 m/min;9 cm;0.63 m;L;-10.7 º (L);-27.9 º (F);1361.13;
3392;1776.84;800 ms;3.3 G;canter;288 m/min;17 cm;3.84 m;S;-9.4 º (L);0.7 º (B);2389.87;
3393;1777.37;530 ms;3.1 G;canter;339 m/min;15 cm;3 m;L;-8.6 º (L);7.8 º (B);1143.65;
3394;1777.87;500 ms;3.3 G;canter;355 m/min;12 cm;2.96 m;S;-2.8 º (L);6.9 º (B);1059.66;
3395;1778.28;410 ms;4.9 G;canter;327 m/min;11 cm;2.23 m;S;1.6 º (R);2.4 º (B);2171.99;
3396;1779.26;980 ms;10 G;canter;296 m/min;32 cm;4.83 m;S;0.8 º (R);12.7 º (B);4269.29;
3397;1779.8;540 ms;1.9 G;canter;235 m/min;9 cm;2.12 m;R;2.5 º (R);0.5 º (B);513.14;
3398;1780.42;620 ms;2 G;canter;267 m/min;12 cm;2.76 m;S;1.8 º (R);1.8 º (B);1103.34;
3399;1780.8;380 ms;2.2 G;canter;295 m/min;4 cm;1.87 m;L;-3.9 º (L);5.9 º (B);1254.23;
3400;1781.42;620 ms;1.8 G;canter;244 m/min;18 cm;2.52 m;L;-6.9 º (L);15.1 º (B);934.84;
3401;1782.82;310 ms;1.4 G;canter;288 m/min;3 cm;1.49 m;S;1.9 º (R);-17.3 º (F);503.08;
3402;1783.42;600 ms;1.9 G;canter;222 m/min;8 cm;2.22 m;S;0 º ;-1.7 º (F);418.04;
3403;1784.01;590 ms;1.7 G;canter;304 m/min;9 cm;2.99 m;L;-2.3 º (L);-10.4 º (F);745.4;
3404;1784.49;480 ms;4 G;canter;406 m/min;8 cm;3.24 m;L;-1.4 º (L);-16 º (F);678.26;
3405;1785.06;570 ms;6.2 G;canter;450 m/min;15 cm;4.27 m;S;-2.6 º (L);-10.2 º (F);2623.92;
3406;1785.57;510 ms;5.5 G;canter;548 m/min;14 cm;4.66 m;S;0.7 º (R);-7.6 º (F);2770.44;
3407;1786.03;460 ms;5.3 G;canter;613 m/min;12 cm;4.7 m;R;3.4 º (R);-7.4 º (F);2850.81;
3408;1786.53;500 ms;7.1 G;canter;594 m/min;13 cm;4.95 m;S;0.7 º (R);-5.5 º (F);3917.22;
3409;1787.07;540 ms;3.2 G;canter;521 m/min;12 cm;4.69 m;S;-2.2 º (L);1 º (B);1776.03;
3410;1787.58;510 ms;2.2 G;canter;503 m/min;5 cm;4.27 m;L;-6.1 º (L);-3.3 º (F);1159.93;
3411;1788.13;550 ms;2.9 G;canter;530 m/min;9 cm;4.86 m;L;-10.5 º (L);-9.6 º (F);1435.8;
3412;1788.65;520 ms;5.3 G;canter;556 m/min;17 cm;4.81 m;L;-8.3 º (L);-8.9 º (F);3255.49;
3413;1789.18;530 ms;2.9 G;canter;578 m/min;12 cm;5.11 m;S;-2.8 º (L);-3.4 º (F);2148.7;
3414;1789.65;470 ms;2.4 G;canter;555 m/min;6 cm;4.35 m;S;0.7 º (R);-11.2 º (F);805.4;
3415;1790.23;580 ms;5 G;canter;568 m/min;12 cm;5.49 m;S;-2.4 º (L);-10.4 º (F);2746.74;
3416;1790.71;480 ms;3.6 G;canter;606 m/min;10 cm;4.85 m;L;-4.2 º (L);-9.3 º (F);1443.57;
3417;1791.22;510 ms;10.7 G;canter;604 m/min;12 cm;5.13 m;L;-4.5 º (L);-3.3 º (F);4296.45;
3418;1791.62;400 ms;4.6 G;canter;646 m/min;10 cm;4.31 m;L;-2 º (L);-1.3 º (F);2042.83;
3419;1792.15;530 ms;3.2 G;canter;614 m/min;8 cm;5.43 m;S;-1.5 º (L);2.7 º (B);2262.8;
3420;1792.65;500 ms;3.6 G;canter;555 m/min;8 cm;4.63 m;S;-1.3 º (L);-1.1 º (F);1605.87;
3421;1793.25;600 ms;3.5 G;canter;529 m/min;10 cm;5.29 m;L;-1.5 º (L);-2.7 º (F);1872.72;
3422;1793.78;530 ms;4.3 G;canter;511 m/min;9 cm;4.51 m;S;0.3 º (R);-8.5 º (F);1194.3;
3423;1794.34;560 ms;5.5 G;canter;537 m/min;16 cm;5.01 m;S;2.9 º (R);-12.3 º (F);2563.15;
3424;1794.9;560 ms;5.1 G;canter;513 m/min;17 cm;4.78 m;S;-0.6 º (L);-11.8 º (F);2371.37;
3425;1795.41;510 ms;3.6 G;canter;515 m/min;14 cm;4.38 m;S;0.4 º (R);-11.7 º (F);2413.01;
3426;1795.92;510 ms;8.2 G;canter;532 m/min;13 cm;4.52 m;S;2.4 º (R);-9.4 º (F);2474.92;
3427;1796.42;500 ms;6.8 G;canter;548 m/min;14 cm;4.57 m;S;-1.7 º (L);-5.9 º (F);3311.4;
3428;1796.91;490 ms;6 G;canter;529 m/min;14 cm;4.32 m;L;-6.5 º (L);-0.6 º (F);3403.51;
3429;1797.44;530 ms;2.1 G;canter;516 m/min;10 cm;4.56 m;L;-6.2 º (L);1.2 º (B);1423.14;
3430;1797.99;550 ms;4.1 G;canter;543 m/min;7 cm;4.97 m;L;-3.8 º (L);-8 º (F);1572.01;
3431;1798.53;540 ms;6.6 G;canter;592 m/min;14 cm;5.33 m;L;-5.6 º (L);-10.1 º (F);3284.89;
3432;1799.01;480 ms;6.6 G;canter;629 m/min;11 cm;5.03 m;L;-5.5 º (L);-8.9 º (F);2780.64;
3433;1799.44;430 ms;6.4 G;canter;672 m/min;11 cm;4.82 m;S;-2.2 º (L);-7.8 º (F);2751.59;
3434;1799.96;520 ms;5.7 G;canter;597 m/min;13 cm;5.17 m;S;-1.7 º (L);3.5 º (B);4561.06;
3435;1800.44;480 ms;2.7 G;canter;523 m/min;10 cm;4.18 m;S;-0.8 º (L);6.7 º (B);1757.58;
3436;1801;560 ms;2.6 G;canter;503 m/min;8 cm;4.7 m;S;6.1 º (R);3.5 º (B);1643.92;
3437;1801.58;580 ms;3.6 G;canter;446 m/min;12 cm;4.31 m;R;13.2 º (R);-3.2 º (F);1390.93;
3438;1802.07;490 ms;3.7 G;canter;382 m/min;11 cm;3.12 m;R;12.2 º (R);-4.2 º (F);1222.08;
3439;1802.7;630 ms;4.5 G;canter;360 m/min;13 cm;3.78 m;S;3.9 º (R);-5.1 º (F);1866.6;
3440;1803.13;430 ms;3.2 G;canter;434 m/min;10 cm;3.11 m;L;-2.3 º (L);-10 º (F);991.97;
3441;1803.69;560 ms;4 G;canter;474 m/min;17 cm;4.43 m;S;0 º (L);-7.7 º (F);3001.09;
3442;1804.19;500 ms;4.5 G;canter;519 m/min;9 cm;4.32 m;S;2.1 º (R);-9.7 º (F);2366.74;
3443;1804.72;530 ms;5 G;canter;555 m/min;14 cm;4.91 m;R;4.6 º (R);-8.4 º (F);2857.39;
3444;1805.25;530 ms;4.6 G;canter;557 m/min;13 cm;4.92 m;R;6.7 º (R);-7.3 º (F);3524.27;
3445;1805.74;490 ms;4 G;canter;555 m/min;11 cm;4.54 m;R;7.3 º (R);-5.6 º (F);1814.63;
3446;1806.28;540 ms;4.9 G;canter;549 m/min;15 cm;4.94 m;R;6.4 º (R);-5.1 º (F);2745.32;
3447;1806.83;550 ms;4 G;canter;585 m/min;16 cm;5.36 m;S;-1.1 º (L);-6.7 º (F);2709.13;
3448;1807.35;520 ms;8.7 G;canter;570 m/min;12 cm;4.94 m;L;-6.8 º (L);-7.8 º (F);2046.96;
3449;1807.84;490 ms;6.7 G;canter;536 m/min;11 cm;4.38 m;L;-8 º (L);-4.6 º (F);2104.89;
3450;1808.35;510 ms;5.6 G;canter;547 m/min;13 cm;4.65 m;L;-11.3 º (L);-3.4 º (F);2582.32;
3451;1808.9;550 ms;3.9 G;canter;543 m/min;12 cm;4.98 m;L;-8.7 º (L);-3.9 º (F);2090.21;
3452;1809.42;520 ms;5.1 G;canter;563 m/min;12 cm;4.88 m;S;-1.4 º (L);-6.7 º (F);2533.82;
3453;1809.89;470 ms;3.8 G;canter;572 m/min;10 cm;4.48 m;R;4.1 º (R);-4.9 º (F);1706.74;
3454;1810.45;560 ms;5.3 G;canter;541 m/min;13 cm;5.05 m;R;3.5 º (R);-0.3 º (F);2825.96;
3455;1810.96;510 ms;4.3 G;canter;531 m/min;13 cm;4.52 m;S;1.4 º (R);-2.4 º (F);1809.2;
3456;1811.53;570 ms;6.2 G;canter;513 m/min;11 cm;4.87 m;S;-0.5 º (L);-4.2 º (F);2260.48;
3457;1812.02;490 ms;4.2 G;canter;558 m/min;9 cm;4.56 m;S;0 º (L);-7.1 º (F);1375.24;
3458;1812.58;560 ms;8.1 G;canter;573 m/min;14 cm;5.35 m;S;2.2 º (R);-5 º (F);3757.35;
3459;1813.1;520 ms;5.9 G;canter;513 m/min;11 cm;4.44 m;R;4.4 º (R);-1.7 º (F);2304.1;
3460;1813.59;490 ms;4 G;canter;511 m/min;9 cm;4.17 m;R;3 º (R);-2.4 º (F);1347.98;
3461;1814.1;510 ms;6 G;canter;490 m/min;13 cm;4.17 m;S;0.7 º (R);1.7 º (B);3208.53;
3462;1814.61;510 ms;5.2 G;canter;498 m/min;13 cm;4.23 m;S;-1.3 º (L);1.5 º (B);1967.81;
3463;1815.19;580 ms;5.5 G;canter;489 m/min;18 cm;4.73 m;R;5.7 º (R);-1.5 º (F);2404.19;
3464;1815.78;590 ms;5 G;canter;447 m/min;17 cm;4.4 m;R;8.4 º (R);-4.8 º (F);2104.05;
3465;1816.31;530 ms;3.7 G;canter;465 m/min;9 cm;4.1 m;R;6 º (R);-11.1 º (F);1296.95;
3466;1816.87;560 ms;5.3 G;canter;497 m/min;17 cm;4.64 m;S;0.1 º (R);-8.8 º (F);2868.88;
3467;1817.42;550 ms;4.7 G;canter;514 m/min;15 cm;4.71 m;L;-2.3 º (L);-8.3 º (F);2538.8;
3468;1817.94;520 ms;3.4 G;canter;513 m/min;15 cm;4.45 m;L;-3.7 º (L);-8.1 º (F);2267.93;
3469;1818.48;540 ms;5.8 G;canter;525 m/min;13 cm;4.72 m;L;-8.6 º (L);-5.6 º (F);2925.33;
3470;1819.04;560 ms;4.3 G;canter;541 m/min;16 cm;5.05 m;S;-4.6 º (L);-1.7 º (F);2398.14;
3471;1819.49;450 ms;2.5 G;canter;525 m/min;8 cm;3.94 m;R;3.1 º (R);-1.6 º (F);1095.26;
3472;1820.07;580 ms;3.6 G;canter;463 m/min;18 cm;4.47 m;S;0.5 º (R);5.4 º (B);2541.17;
3473;1820.59;520 ms;3.4 G;canter;432 m/min;14 cm;3.75 m;S;-2 º (L);5.6 º (B);1211.93;
3474;1821.07;480 ms;3.7 G;canter;409 m/min;12 cm;3.27 m;R;4.1 º (R);4.1 º (B);1472.18;
3475;1821.5;430 ms;3.7 G;canter;403 m/min;7 cm;2.89 m;S;-2.3 º (L);-4.9 º (F);1014.8;
3476;1822.96;280 ms;3.1 G;canter;417 m/min;3 cm;1.95 m;S;-2.8 º (L);-6.6 º (F);608.04;
3477;1823.48;520 ms;2.3 G;canter;389 m/min;11 cm;3.37 m;S;-3.4 º (L);-3.9 º (F);1057.61;
3478;1824.04;560 ms;4.1 G;canter;447 m/min;18 cm;4.18 m;R;3 º (R);-1.9 º (F);2128.28;
3479;1824.63;590 ms;5.2 G;canter;455 m/min;18 cm;4.47 m;R;7.3 º (R);0.1 º (B);2576.13;
3480;1825.09;460 ms;2.3 G;canter;448 m/min;12 cm;3.43 m;R;6.7 º (R);6.8 º (B);773.09;
3481;1825.51;420 ms;5.3 G;canter;393 m/min;10 cm;2.75 m;R;6.3 º (R);3 º (B);1452.08;
3482;1826.45;30 ms;4.4 G;canter;281 m/min;1 cm;0.14 m;R;6.4 º (R);-30.3 º (F);492.72;
3483;1827.05;600 ms;5.6 G;canter;337 m/min;11 cm;3.37 m;R;3.9 º (R);-14 º (F);1488.46;
3484;1827.49;440 ms;2.8 G;canter;375 m/min;7 cm;2.75 m;R;2.4 º (R);-5.6 º (F);705.81;
3485;1828.17;680 ms;3.4 G;canter;368 m/min;19 cm;4.18 m;S;-0.1 º (L);-2.4 º (F);2103.59;
3486;1828.58;410 ms;2.6 G;canter;401 m/min;7 cm;2.74 m;L;-5 º (L);-1.6 º (F);1012.4;
3487;1829.19;610 ms;4.1 G;canter;431 m/min;18 cm;4.38 m;S;0.5 º (R);1 º (B);2802.04;
3488;1829.76;570 ms;3.6 G;canter;446 m/min;14 cm;4.24 m;S;2.8 º (R);1.4 º (B);1958.59;
3489;1830.26;500 ms;2.7 G;canter;414 m/min;8 cm;3.45 m;S;-0.4 º (L);-3 º (F);1273.46;
3490;1831.67;340 ms;2 G;canter;338 m/min;2 cm;1.91 m;S;-1.1 º (L);-6.2 º (F);487.07;
3491;1832.26;590 ms;3 G;canter;290 m/min;17 cm;2.85 m;S;3.2 º (R);1.5 º (B);841.39;
3492;1832.83;570 ms;3.2 G;canter;365 m/min;15 cm;3.47 m;R;6.3 º (R);1.8 º (B);1288.41;
3493;1833.34;510 ms;5.7 G;canter;393 m/min;14 cm;3.34 m;S;1.3 º (R);8.9 º (B);2165.54;
3494;1833.78;440 ms;4.8 G;canter;345 m/min;11 cm;2.53 m;S;-1.6 º (L);10 º (B);1256.1;
3495;1835.04;210 ms;1.3 G;canter;333 m/min;5 cm;1.17 m;L;-2.5 º (L);-20 º (F);395.88;
3496;1835.68;640 ms;1.9 G;canter;318 m/min;6 cm;3.39 m;R;9.9 º (R);2.6 º (B);1083.59;
3497;1836.16;480 ms;2.4 G;canter;445 m/min;3 cm;3.56 m;R;9.6 º (R);-4.1 º (F);1057.13;
3498;1836.61;450 ms;2.3 G;canter;504 m/min;6 cm;3.78 m;R;9.7 º (R);-6.7 º (F);928.26;
3499;1837.12;510 ms;3.5 G;canter;581 m/min;9 cm;4.94 m;R;12.9 º (R);-6.3 º (F);2165.75;
3500;1837.62;500 ms;3.6 G;canter;574 m/min;10 cm;4.78 m;R;14.3 º (R);-5.5 º (F);2156.92;
3501;1838.11;490 ms;4 G;canter;597 m/min;11 cm;4.88 m;R;17.9 º (R);-4.3 º (F);2229.96;
3502;1838.64;530 ms;5.3 G;canter;580 m/min;12 cm;5.12 m;R;15.7 º (R);-3.9 º (F);2385.66;
3503;1839.15;510 ms;4.1 G;canter;531 m/min;12 cm;4.51 m;R;9.9 º (R);-4.1 º (F);2138.07;
3504;1839.66;510 ms;5 G;canter;519 m/min;11 cm;4.41 m;R;15 º (R);-1.2 º (F);2449.21;
3505;1840.17;510 ms;3.8 G;canter;531 m/min;12 cm;4.51 m;R;12.8 º (R);-3.7 º (F);1769.43;
3506;1840.71;540 ms;4.9 G;canter;537 m/min;13 cm;4.83 m;R;4.7 º (R);-5 º (F);2711.68;
3507;1841.21;500 ms;4.6 G;canter;560 m/min;11 cm;4.67 m;S;4.4 º (R);-5 º (F);2088.35;
3508;1841.73;520 ms;5 G;canter;604 m/min;12 cm;5.24 m;R;7.6 º (R);-7 º (F);2622.52;
3509;1842.24;510 ms;4.5 G;canter;602 m/min;12 cm;5.12 m;R;9.1 º (R);-5.7 º (F);2743.08;
3510;1842.77;530 ms;4.7 G;canter;611 m/min;12 cm;5.39 m;R;12.6 º (R);-5.5 º (F);2763.71;
3511;1843.26;490 ms;4.8 G;canter;603 m/min;12 cm;4.93 m;R;11.4 º (R);-7.1 º (F);2493.37;
3512;1843.8;540 ms;3.3 G;canter;601 m/min;13 cm;5.41 m;R;7.4 º (R);-5.7 º (F);2625.54;
3513;1844.29;490 ms;4.6 G;canter;615 m/min;12 cm;5.02 m;R;8.5 º (R);-7.8 º (F);2458.03;
3514;1844.84;550 ms;5.4 G;canter;583 m/min;13 cm;5.34 m;R;11 º (R);-4.1 º (F);2326.97;
3515;1845.33;490 ms;4.9 G;canter;559 m/min;12 cm;4.57 m;R;9.9 º (R);-4.2 º (F);2358;
3516;1845.87;540 ms;4.5 G;canter;524 m/min;11 cm;4.72 m;R;8.8 º (R);-0.6 º (F);1910.08;
3517;1846.41;540 ms;5.2 G;canter;572 m/min;12 cm;5.15 m;R;8.6 º (R);-4.9 º (F);2947.47;
3518;1846.87;460 ms;3.2 G;canter;636 m/min;10 cm;4.87 m;R;8.7 º (R);-6.9 º (F);1454.11;
3519;1847.43;560 ms;5.1 G;canter;639 m/min;15 cm;5.96 m;R;12.2 º (R);-6.6 º (F);3406.47;
3520;1847.92;490 ms;4.7 G;canter;674 m/min;12 cm;5.5 m;R;10 º (R);-8.9 º (F);2481.57;
3521;1848.46;540 ms;5.1 G;canter;659 m/min;13 cm;5.93 m;R;8 º (R);-4.8 º (F);3559.68;
3522;1848.98;520 ms;4.6 G;canter;619 m/min;12 cm;5.36 m;R;8.3 º (R);-3.3 º (F);2885.21;
3523;1849.46;480 ms;4.3 G;canter;587 m/min;9 cm;4.69 m;R;11.9 º (R);-2.2 º (F);2419.84;
3524;1850.01;550 ms;4.6 G;canter;600 m/min;12 cm;5.5 m;R;13.8 º (R);-3.1 º (F);2642.87;
3525;1850.49;480 ms;5.5 G;canter;620 m/min;13 cm;4.96 m;R;12.8 º (R);-4.2 º (F);2877.38;
3526;1851.03;540 ms;4.3 G;canter;620 m/min;12 cm;5.58 m;R;12 º (R);-5.6 º (F);2573.43;
3527;1851.56;530 ms;5.2 G;canter;656 m/min;13 cm;5.8 m;R;15 º (R);-6.6 º (F);2972.52;
3528;1852.06;500 ms;5.4 G;canter;655 m/min;14 cm;5.46 m;R;13.8 º (R);-5.4 º (F);2979.53;
3529;1852.58;520 ms;4.8 G;canter;650 m/min;14 cm;5.63 m;R;15.6 º (R);-3.9 º (F);3055.88;
3530;1853.11;530 ms;4.9 G;canter;619 m/min;13 cm;5.47 m;R;18.9 º (R);-1.9 º (F);2994.36;
3531;1853.61;500 ms;4.3 G;canter;630 m/min;13 cm;5.25 m;R;18.6 º (R);-3.6 º (F);2936.24;
3532;1854.11;500 ms;4.3 G;canter;683 m/min;12 cm;5.69 m;R;15.3 º (R);-3.1 º (F);2363.14;
3533;1854.61;500 ms;4.4 G;canter;704 m/min;10 cm;5.87 m;R;14.2 º (R);-5.1 º (F);2407.79;
3534;1855.11;500 ms;4.5 G;canter;700 m/min;12 cm;5.83 m;R;11.5 º (R);-6.5 º (F);2651.79;
3535;1855.62;510 ms;5.4 G;canter;673 m/min;12 cm;5.72 m;R;12.3 º (R);-4.7 º (F);2913.86;
3536;1856.13;510 ms;5.8 G;canter;712 m/min;11 cm;6.06 m;R;14.2 º (R);-5.6 º (F);2730.2;
3537;1856.63;500 ms;5.1 G;canter;661 m/min;12 cm;5.51 m;R;15.7 º (R);-4.6 º (F);2901.65;
3538;1857.12;490 ms;4.1 G;canter;653 m/min;12 cm;5.34 m;R;11.2 º (R);-4.4 º (F);2687.3;
3539;1857.7;580 ms;5.2 G;canter;624 m/min;14 cm;6.03 m;R;10 º (R);-2.1 º (F);2860.18;
3540;1858.17;470 ms;4.8 G;canter;652 m/min;13 cm;5.11 m;R;14.4 º (R);-6.3 º (F);3125.29;
3541;1858.7;530 ms;5.6 G;canter;701 m/min;14 cm;6.2 m;R;17.1 º (R);-5.4 º (F);3180.08;
3542;1859.2;500 ms;6.2 G;canter;693 m/min;14 cm;5.78 m;R;17.2 º (R);-5.3 º (F);3472.45;
3543;1859.73;530 ms;4.7 G;canter;699 m/min;14 cm;6.17 m;R;17.9 º (R);-3.8 º (F);3112.63;
3544;1860.23;500 ms;5.6 G;canter;681 m/min;12 cm;5.68 m;R;18.2 º (R);-3.9 º (F);2902.62;
3545;1860.74;510 ms;4.8 G;canter;694 m/min;11 cm;5.9 m;R;14.6 º (R);-5.4 º (F);2902.35;
3546;1861.25;510 ms;6 G;canter;662 m/min;12 cm;5.63 m;R;13.8 º (R);-4.1 º (F);3164.51;
3547;1861.75;500 ms;5.6 G;canter;674 m/min;14 cm;5.61 m;R;11.5 º (R);-3.7 º (F);2957.27;
3548;1862.27;520 ms;5.9 G;canter;661 m/min;13 cm;5.73 m;R;11.4 º (R);-2.8 º (F);2969.17;
3549;1862.8;530 ms;5 G;canter;680 m/min;14 cm;6 m;R;11.8 º (R);-3.7 º (F);3692.17;
3550;1863.29;490 ms;5.8 G;canter;714 m/min;12 cm;5.83 m;R;12.7 º (R);-7.6 º (F);3146.5;
3551;1863.78;490 ms;4.4 G;canter;703 m/min;12 cm;5.74 m;R;13.3 º (R);-6.3 º (F);3494.95;
3552;1864.32;540 ms;5 G;canter;705 m/min;14 cm;6.35 m;R;13.4 º (R);-5 º (F);3400.41;
3553;1864.8;480 ms;5.6 G;canter;678 m/min;13 cm;5.43 m;R;13 º (R);-5.4 º (F);3102.52;
3554;1865.33;530 ms;4.3 G;canter;720 m/min;15 cm;6.36 m;R;15.1 º (R);-4.3 º (F);3658.66;
3555;1865.87;540 ms;4.9 G;canter;689 m/min;15 cm;6.2 m;R;12.4 º (R);-4.9 º (F);3060.49;
3556;1866.4;530 ms;5.7 G;canter;670 m/min;13 cm;5.92 m;R;11.6 º (R);-4.1 º (F);3899.08;
3557;1866.89;490 ms;4.1 G;canter;670 m/min;12 cm;5.47 m;R;12.4 º (R);-5.1 º (F);2621.62;
3558;1867.45;560 ms;4.6 G;canter;597 m/min;16 cm;5.58 m;R;14.5 º (R);-0.8 º (F);3784.66;
3559;1867.96;510 ms;4 G;canter;578 m/min;15 cm;4.91 m;R;14.3 º (R);-0.9 º (F);2470.82;
3560;1868.51;550 ms;3.4 G;canter;589 m/min;16 cm;5.4 m;R;17 º (R);-1.5 º (F);3101.46;
3561;1869.04;530 ms;4.4 G;canter;604 m/min;15 cm;5.34 m;R;18.8 º (R);-1.7 º (F);3314.1;
3562;1869.56;520 ms;3.9 G;canter;593 m/min;16 cm;5.14 m;R;22 º (R);-1.4 º (F);2189.36;
3563;1870.05;490 ms;4.6 G;canter;588 m/min;12 cm;4.8 m;R;18.6 º (R);-1.5 º (F);2359.01;
3564;1870.61;560 ms;3.4 G;canter;575 m/min;15 cm;5.37 m;R;13.3 º (R);-0.6 º (F);2867.49;
3565;1871.1;490 ms;4.5 G;canter;625 m/min;10 cm;5.1 m;R;5.8 º (R);-1.6 º (F);2380.03;
3566;1871.62;520 ms;4.6 G;canter;585 m/min;13 cm;5.07 m;R;4.7 º (R);-0.2 º (F);1992.13;
3567;1872.9;320 ms;8.4 G;canter;543 m/min;7 cm;2.9 m;R;6.7 º (R);-14.6 º (F);2344.78;
3568;1873.47;570 ms;3.2 G;canter;507 m/min;13 cm;4.81 m;R;6.9 º (R);-6.6 º (F);1722.77;
3569;1874.01;540 ms;5.2 G;canter;532 m/min;14 cm;4.79 m;S;3.5 º (R);-7.7 º (F);2506.71;
3570;1874.45;440 ms;4.1 G;canter;581 m/min;11 cm;4.26 m;L;-4.1 º (L);-7.7 º (F);1462.76;
3571;1875.07;620 ms;4.7 G;canter;572 m/min;18 cm;5.92 m;L;-7.1 º (L);-5.7 º (F);3768.45;
3572;1875.5;430 ms;3.2 G;canter;606 m/min;10 cm;4.34 m;L;-6.6 º (L);-9 º (F);1245.12;
3573;1876.1;600 ms;4.5 G;canter;545 m/min;18 cm;5.45 m;L;-3.2 º (L);-4.9 º (F);3981.96;
3574;1876.57;470 ms;3.8 G;canter;516 m/min;10 cm;4.04 m;S;-1.6 º (L);-3.8 º (F);1491.45;
3575;1877.22;650 ms;4.3 G;canter;489 m/min;22 cm;5.3 m;S;0.4 º (R);0.3 º (B);3628.33;
3576;1877.64;420 ms;3.1 G;canter;495 m/min;7 cm;3.46 m;R;8.1 º (R);-2.6 º (F);1152.96;
3577;1878.24;600 ms;6.1 G;canter;486 m/min;18 cm;4.86 m;S;-1.4 º (L);-2.7 º (F);3396.81;
3578;1878.78;540 ms;3.1 G;canter;479 m/min;16 cm;4.32 m;S;0.1 º (R);-1.4 º (F);1513.63;
3579;1879.37;590 ms;5.2 G;canter;463 m/min;18 cm;4.55 m;L;-7.6 º (L);-1.4 º (F);2101.34;
3580;1879.94;570 ms;4.4 G;canter;405 m/min;19 cm;3.85 m;L;-5.7 º (L);7.6 º (B);1714.68;
3581;1880.4;460 ms;2.1 G;canter;386 m/min;8 cm;2.96 m;S;-2.4 º (L);-0.1 º (F);818.32;
3582;1880.87;470 ms;2.8 G;canter;355 m/min;12 cm;2.78 m;S;-2 º (L);-2 º (F);1420.08;
3583;1882.22;290 ms;1.6 G;canter;486 m/min;10 cm;2.35 m;L;-6.1 º (L);-12.7 º (F);879.76;
3584;1882.71;490 ms;3.3 G;canter;444 m/min;9 cm;3.63 m;L;-6.4 º (L);-3.9 º (F);1488.57;
3585;1883.18;470 ms;3.3 G;canter;437 m/min;11 cm;3.42 m;S;-3.4 º (L);-6.3 º (F);1774.71;
3586;1884.47;260 ms;1.5 G;canter;539 m/min;9 cm;2.34 m;R;6.6 º (R);-16.7 º (F);776.2;
3587;1884.97;500 ms;4 G;canter;498 m/min;10 cm;4.15 m;S;-2.5 º (L);-5.7 º (F);2004.48;
3588;1885.49;520 ms;3.1 G;canter;555 m/min;9 cm;4.81 m;L;-5.8 º (L);-8 º (F);1531.18;
3589;1886.02;530 ms;2.8 G;canter;562 m/min;11 cm;4.97 m;L;-5.2 º (L);-9.3 º (F);2092.84;
3590;1886.53;510 ms;4.5 G;canter;643 m/min;10 cm;5.46 m;L;-2.8 º (L);-9.9 º (F);2449.87;
3591;1886.98;450 ms;3.8 G;canter;616 m/min;9 cm;4.62 m;S;-2.3 º (L);-9.9 º (F);2095.73;
3592;1887.52;540 ms;3.4 G;canter;648 m/min;11 cm;5.84 m;S;-2.4 º (L);-7.3 º (F);2787.72;
3593;1888.02;500 ms;5.9 G;canter;663 m/min;11 cm;5.53 m;L;-3 º (L);-9 º (F);2538.62;
3594;1888.49;470 ms;6.7 G;canter;699 m/min;10 cm;5.48 m;S;0.6 º (R);-9.3 º (F);2911.59;
3595;1889.03;540 ms;6 G;canter;665 m/min;10 cm;5.98 m;S;3.5 º (R);-5.5 º (F);2521.42;
3596;1889.51;480 ms;9.8 G;canter;674 m/min;11 cm;5.39 m;R;5 º (R);-6.9 º (F);3575.45;
3597;1890.01;500 ms;7.3 G;canter;661 m/min;10 cm;5.51 m;R;4.2 º (R);-7.8 º (F);3193.38;
3598;1890.51;500 ms;5.5 G;canter;704 m/min;10 cm;5.87 m;R;4.3 º (R);-7.9 º (F);3418.42;
3599;1891.02;510 ms;6.1 G;canter;677 m/min;11 cm;5.75 m;S;2.7 º (R);-5.4 º (F);3094.85;
3600;1891.55;530 ms;8.2 G;canter;738 m/min;11 cm;6.52 m;S;2.6 º (R);-7.6 º (F);3229.01;
3601;1892.01;460 ms;7.7 G;canter;705 m/min;8 cm;5.41 m;R;5.9 º (R);-8.8 º (F);2991.51;
3602;1892.51;500 ms;6.4 G;canter;723 m/min;10 cm;6.02 m;S;4.2 º (R);-9.6 º (F);3446.77;
3603;1893.03;520 ms;6.7 G;canter;700 m/min;11 cm;6.06 m;S;1.1 º (R);-6.6 º (F);3486.09;
3604;1893.55;520 ms;8.9 G;canter;734 m/min;11 cm;6.36 m;S;-1 º (L);-7.9 º (F);2851.1;
3605;1894.06;510 ms;9.7 G;canter;717 m/min;13 cm;6.1 m;S;2.6 º (R);-7.8 º (F);4369.42;
3606;1894.59;530 ms;7 G;canter;708 m/min;11 cm;6.25 m;S;0.2 º (R);-6.8 º (F);3567.84;
3607;1895.1;510 ms;7.9 G;canter;693 m/min;11 cm;5.89 m;S;-0.4 º (L);-6.6 º (F);3150.68;
3608;1895.65;550 ms;10.2 G;canter;661 m/min;14 cm;6.06 m;S;3.5 º (R);-4.6 º (F);4894.27;
3609;1896.18;530 ms;4.7 G;canter;653 m/min;14 cm;5.77 m;R;10.2 º (R);-1.7 º (F);2760.8;
3610;1896.69;510 ms;7 G;canter;626 m/min;14 cm;5.32 m;R;16.1 º (R);-0.6 º (F);3372.14;
3611;1897.19;500 ms;4.7 G;canter;615 m/min;15 cm;5.13 m;R;21.6 º (R);0.5 º (B);2677.77;
3612;1897.66;470 ms;4.6 G;canter;622 m/min;15 cm;4.87 m;R;23.3 º (R);-2.8 º (F);2641.82;
3613;1898.19;530 ms;3.4 G;canter;603 m/min;18 cm;5.33 m;R;18.5 º (R);1.2 º (B);2907.49;
3614;1898.7;510 ms;4.3 G;canter;608 m/min;13 cm;5.17 m;R;21.6 º (R);4.3 º (B);2423.44;
3615;1899.17;470 ms;3.5 G;canter;581 m/min;12 cm;4.55 m;R;20.5 º (R);-3.3 º (F);1928.92;
3616;1899.74;570 ms;3.6 G;canter;587 m/min;12 cm;5.58 m;R;10.8 º (R);-4.3 º (F);2395.13;
3617;1900.19;450 ms;2.2 G;canter;583 m/min;9 cm;4.37 m;R;5.3 º (R);-3.6 º (F);1049.76;
3618;1900.78;590 ms;3.5 G;canter;600 m/min;17 cm;5.9 m;R;8.1 º (R);-1 º (F);2797.74;
3619;1901.31;530 ms;4.7 G;canter;556 m/min;14 cm;4.91 m;R;5.7 º (R);-3.6 º (F);3061.79;
3620;1901.82;510 ms;3.1 G;canter;542 m/min;11 cm;4.61 m;S;1.3 º (R);-3.2 º (F);1855.95;
3621;1902.37;550 ms;6.1 G;canter;532 m/min;13 cm;4.88 m;L;-2.6 º (L);-4.5 º (F);3090.56;
3622;1902.84;470 ms;3.3 G;canter;507 m/min;11 cm;3.97 m;L;-3.7 º (L);-3.1 º (F);1569.35;
3623;1903.44;600 ms;6.8 G;canter;533 m/min;18 cm;5.33 m;S;-1.6 º (L);-1.6 º (F);3773.52;
3624;1903.97;530 ms;5.2 G;canter;536 m/min;17 cm;4.73 m;S;-0.8 º (L);-1.5 º (F);2159.04;
3625;1904.49;520 ms;4.2 G;canter;500 m/min;15 cm;4.33 m;S;-1.2 º (L);-2.2 º (F);2364.07;
3626;1905.05;560 ms;5.7 G;canter;449 m/min;19 cm;4.2 m;S;0.4 º (R);2.6 º (B);2323.69;
3627;1905.56;510 ms;3.2 G;canter;442 m/min;12 cm;3.76 m;S;0.2 º (R);-3.1 º (F);1214.23;
3628;1906.03;470 ms;2.8 G;canter;434 m/min;9 cm;3.4 m;S;-0.1 º (L);-4.1 º (F);1192.69;
3629;1907.36;300 ms;2.3 G;canter;501 m/min;14 cm;2.51 m;S;2 º (R);-14.8 º (F);730.33;
3630;1907.88;520 ms;3.5 G;canter;502 m/min;15 cm;4.36 m;R;13.1 º (R);-4.4 º (F);1846.04;
3631;1908.38;500 ms;2 G;canter;511 m/min;12 cm;4.26 m;R;17.7 º (R);-4.1 º (F);1900.89;
3632;1908.88;500 ms;2.1 G;canter;539 m/min;11 cm;4.49 m;R;20.9 º (R);-4.6 º (F);1735.18;
3633;1909.36;480 ms;2.4 G;canter;559 m/min;10 cm;4.48 m;R;13.8 º (R);-6.3 º (F);1568.55;
3634;1909.89;530 ms;2.5 G;canter;578 m/min;12 cm;5.1 m;R;11 º (R);-5.3 º (F);1730.61;
3635;1910.43;540 ms;4 G;canter;575 m/min;13 cm;5.18 m;R;10.1 º (R);-5.3 º (F);2231.84;
3636;1910.93;500 ms;3.4 G;canter;608 m/min;12 cm;5.07 m;R;7.7 º (R);-8.5 º (F);2364.18;
3637;1911.46;530 ms;3.9 G;canter;611 m/min;14 cm;5.4 m;R;8.3 º (R);-6.4 º (F);1880.64;
3638;1911.98;520 ms;4.1 G;canter;606 m/min;14 cm;5.25 m;R;7.8 º (R);-7 º (F);3083.67;
3639;1912.5;520 ms;4.9 G;canter;573 m/min;14 cm;4.96 m;R;7.6 º (R);-2.2 º (F);2710.13;
3640;1913.03;530 ms;3.8 G;canter;534 m/min;17 cm;4.72 m;R;6.6 º (R);-3.9 º (F);2741.35;
3641;1913.58;550 ms;3.8 G;canter;546 m/min;16 cm;5 m;R;5.3 º (R);-5.4 º (F);2505.89;
3642;1914.11;530 ms;3.8 G;canter;559 m/min;16 cm;4.94 m;R;5.3 º (R);-6.4 º (F);2506.39;
3643;1914.66;550 ms;2.9 G;canter;513 m/min;16 cm;4.7 m;R;9.2 º (R);-3.4 º (F);2589.8;
3644;1915.21;550 ms;3.9 G;canter;493 m/min;17 cm;4.52 m;R;10.2 º (R);-3.8 º (F);2753.05;
3645;1915.76;550 ms;3.7 G;canter;477 m/min;18 cm;4.37 m;R;11.6 º (R);-3 º (F);2324.66;
3646;1916.26;500 ms;3.3 G;canter;467 m/min;16 cm;3.89 m;R;14.5 º (R);-2.2 º (F);2448.98;
3647;1916.84;580 ms;3.5 G;canter;466 m/min;19 cm;4.51 m;R;11.8 º (R);-2 º (F);1968.7;
3648;1917.38;540 ms;2.7 G;canter;430 m/min;17 cm;3.87 m;R;18.3 º (R);0.6 º (B);1667.44;
3649;1917.94;560 ms;4.4 G;canter;407 m/min;19 cm;3.79 m;R;17.5 º (R);1.7 º (B);2114.16;
3650;1918.41;470 ms;2.9 G;canter;415 m/min;12 cm;3.25 m;R;13.9 º (R);2.6 º (B);1149.2;
3651;1918.88;470 ms;2.4 G;canter;405 m/min;12 cm;3.17 m;R;8.2 º (R);-0.3 º (F);1197.21;
3652;1920.24;260 ms;1.6 G;canter;432 m/min;12 cm;1.87 m;L;-5.5 º (L);-16.5 º (F);895.6;
3653;1920.83;590 ms;3.6 G;canter;410 m/min;11 cm;4.03 m;R;7.4 º (R);-4.9 º (F);1396.45;
3654;1921.31;480 ms;2.1 G;canter;493 m/min;9 cm;3.94 m;R;8.5 º (R);-9.6 º (F);1232.29;
3655;1921.85;540 ms;3 G;canter;479 m/min;16 cm;4.31 m;R;10.1 º (R);-4.9 º (F);1795.62;
3656;1922.41;560 ms;3.3 G;canter;489 m/min;18 cm;4.57 m;R;13 º (R);-7.3 º (F);2400.38;
3657;1922.97;560 ms;3.2 G;canter;483 m/min;18 cm;4.51 m;R;11 º (R);-7.1 º (F);2098.04;
3658;1923.49;520 ms;2.7 G;canter;465 m/min;16 cm;4.03 m;R;11.9 º (R);-5.4 º (F);1870.42;
3659;1924.05;560 ms;2.8 G;canter;447 m/min;18 cm;4.17 m;R;14.6 º (R);-3.4 º (F);1848.74;
3660;1924.63;580 ms;2.9 G;canter;435 m/min;20 cm;4.2 m;R;13.4 º (R);-3.6 º (F);2092.01;
3661;1925.19;560 ms;3.5 G;canter;413 m/min;17 cm;3.86 m;R;10.6 º (R);1.1 º (B);1924.65;
3662;1925.62;430 ms;1.7 G;canter;400 m/min;10 cm;2.87 m;R;8.5 º (R);5.2 º (B);742.71;
3663;1926.13;510 ms;2.9 G;canter;383 m/min;14 cm;3.26 m;S;4.4 º (R);0 º (B);1984.17;
3664;1927.48;280 ms;1.8 G;canter;375 m/min;3 cm;1.75 m;L;-7.4 º (L);-16.4 º (F);592.49;
3665;1928.05;570 ms;3 G;canter;385 m/min;12 cm;3.66 m;S;-1.1 º (L);4.3 º (B);1806.78;
3666;1928.53;480 ms;3.5 G;canter;377 m/min;13 cm;3.02 m;R;11.8 º (R);10.6 º (B);1606.17;
3667;1929.1;570 ms;5.3 G;canter;250 m/min;22 cm;2.37 m;R;11.8 º (R);12.9 º (B);1538.79;
3668;1929.6;500 ms;3.5 G;canter;119 m/min;15 cm;0.99 m;S;-4.6 º (L);5.3 º (B);601.2;
3669;1929.79;190 ms;1 G;canter;88 m/min;4 cm;0.28 m;L;-5.4 º (L);-0.5 º (F);50.29;
3670;1930.6;810 ms;0.5 G;walk;38 m/min;4 cm;0.51 m;L;-4.1 º (L);3.2 º (B);0;
3671;1931.03;430 ms;0.4 G;walk;35 m/min;2 cm;0.25 m;S;-4.9 º (L);0.9 º (B);4.08;
3672;1931.63;600 ms;0.3 G;walk;25 m/min;2 cm;0.25 m;R;5.7 º (R);-1.5 º (F);0.17;
3673;1932.5;870 ms;0.2 G;walk;25 m/min;4 cm;0.36 m;R;3.3 º (R);-2.2 º (F);0;
3674;1933.15;650 ms;0.5 G;walk;89 m/min;4 cm;0.97 m;R;2.6 º (R);-2.2 º (F);124.79;
3675;1934.25;1100 ms;1.2 G;canter;213 m/min;7 cm;3.9 m;S;3.6 º (R);-0.9 º (F);738.08;
3676;1934.79;540 ms;1.5 G;canter;303 m/min;9 cm;2.73 m;S;2.2 º (R);-4.3 º (F);615.64;
3677;1935.38;590 ms;3 G;canter;349 m/min;13 cm;3.43 m;R;4.4 º (R);-2 º (F);1105.29;
3678;1935.88;500 ms;1.6 G;canter;369 m/min;11 cm;3.08 m;S;3.8 º (R);-8.1 º (F);939.87;
3679;1936.49;610 ms;3.1 G;canter;386 m/min;17 cm;3.92 m;R;9.4 º (R);-4.5 º (F);2033.37;
3680;1937.02;530 ms;3 G;canter;389 m/min;14 cm;3.44 m;R;12.4 º (R);-3.2 º (F);1493.78;
3681;1937.59;570 ms;2.4 G;canter;377 m/min;19 cm;3.58 m;R;16.1 º (R);-3.8 º (F);1947.53;
3682;1938.16;570 ms;3.4 G;canter;350 m/min;18 cm;3.32 m;R;15.5 º (R);-6.3 º (F);1787.5;
3683;1938.7;540 ms;2.6 G;canter;309 m/min;19 cm;2.78 m;R;15.5 º (R);-6.5 º (F);1266.15;
3684;1939.29;590 ms;3.2 G;canter;262 m/min;19 cm;2.58 m;R;19 º (R);-4.6 º (F);1444.89;
3685;1939.83;540 ms;1.7 G;canter;293 m/min;15 cm;2.64 m;R;18.8 º (R);-8 º (F);828.75;
3686;1940.42;590 ms;2.7 G;canter;335 m/min;16 cm;3.3 m;R;13.6 º (R);-6 º (F);1049.49;
3687;1940.97;550 ms;2.1 G;canter;314 m/min;16 cm;2.88 m;R;10.8 º (R);-6 º (F);1075.4;
3688;1941.54;570 ms;2.4 G;canter;327 m/min;16 cm;3.11 m;R;7.2 º (R);-6.3 º (F);1274.65;
3689;1942.06;520 ms;3.4 G;canter;328 m/min;16 cm;2.84 m;R;6.6 º (R);-2.3 º (F);1188.88;
3690;1942.61;550 ms;3.5 G;canter;316 m/min;18 cm;2.9 m;R;8.7 º (R);2.5 º (B);1141.03;
3691;1943.18;570 ms;2.9 G;canter;329 m/min;16 cm;3.12 m;S;5.6 º (R);6.4 º (B);1294.06;
3692;1943.68;500 ms;1.6 G;canter;344 m/min;10 cm;2.87 m;S;2.8 º (R);5.2 º (B);622.05;
3693;1944.18;500 ms;1.7 G;canter;362 m/min;9 cm;3.02 m;S;1.7 º (R);-1.3 º (F);1011.69;
3694;1945.56;260 ms;1.9 G;canter;455 m/min;11 cm;1.97 m;R;5.7 º (R);-19.9 º (F);947.97;
3695;1946.15;590 ms;2.9 G;canter;438 m/min;14 cm;4.3 m;S;-6.2 º (L);-2.2 º (F);2042.66;
3696;1946.62;470 ms;1.9 G;canter;449 m/min;12 cm;3.52 m;L;-11.8 º (L);-6.1 º (F);1179.74;
3697;1947.17;550 ms;2.3 G;canter;473 m/min;9 cm;4.34 m;L;-7.1 º (L);-3.8 º (F);1281.4;
3698;1947.69;520 ms;3 G;canter;482 m/min;10 cm;4.18 m;L;-4.4 º (L);-5.1 º (F);1517.2;
3699;1948.22;530 ms;2.8 G;canter;506 m/min;14 cm;4.47 m;L;-3.7 º (L);-6.6 º (F);2024.67;
3700;1948.76;540 ms;3.1 G;canter;556 m/min;14 cm;5 m;S;-1.9 º (L);-8.2 º (F);2089.25;
3701;1949.32;560 ms;3.7 G;canter;542 m/min;15 cm;5.06 m;L;-2.4 º (L);-6.9 º (F);2517.68;
3702;1949.85;530 ms;3.2 G;canter;518 m/min;13 cm;4.58 m;L;-5.4 º (L);-5.5 º (F);2264.43;
3703;1950.38;530 ms;2.7 G;canter;528 m/min;14 cm;4.66 m;L;-6.2 º (L);-6.1 º (F);1818.57;
3704;1950.92;540 ms;3.7 G;canter;553 m/min;15 cm;4.97 m;L;-6.7 º (L);-6.6 º (F);2610.98;
3705;1951.41;490 ms;4.3 G;canter;521 m/min;14 cm;4.25 m;L;-7 º (L);-5.1 º (F);1906.38;
3706;1951.98;570 ms;2.8 G;canter;482 m/min;12 cm;4.58 m;L;-4.9 º (L);-2.9 º (F);1897.54;
3707;1952.55;570 ms;3.2 G;canter;459 m/min;16 cm;4.36 m;L;-4.7 º (L);-3.7 º (F);2272.06;
3708;1953.1;550 ms;2.5 G;canter;467 m/min;14 cm;4.28 m;L;-3.3 º (L);-5.5 º (F);1806.28;
3709;1953.66;560 ms;3.2 G;canter;509 m/min;16 cm;4.75 m;L;-5.5 º (L);-4 º (F);2085.69;
3710;1954.18;520 ms;5.4 G;canter;507 m/min;13 cm;4.39 m;L;-8.8 º (L);-2.6 º (F);2096;
3711;1954.71;530 ms;3.6 G;canter;520 m/min;12 cm;4.59 m;S;-5.3 º (L);-0.8 º (F);1786.05;
3712;1955.18;470 ms;3.8 G;canter;523 m/min;10 cm;4.1 m;S;-2.3 º (L);-1.9 º (F);1934.94;
3713;1955.66;480 ms;3.4 G;canter;524 m/min;14 cm;4.19 m;S;-1 º (L);-2.3 º (F);2305.67;
3714;1956.98;220 ms;2 G;canter;573 m/min;10 cm;2.1 m;S;0 º ;-20.7 º (F);1235.28;
3715;1957.57;590 ms;3.4 G;canter;576 m/min;11 cm;5.67 m;S;2.1 º (R);-5.1 º (F);1808.9;
3716;1958.07;500 ms;3.6 G;canter;599 m/min;9 cm;4.99 m;S;2.8 º (R);-6.4 º (F);1685.33;
3717;1958.6;530 ms;3.9 G;canter;577 m/min;14 cm;5.1 m;S;1.4 º (R);-7.8 º (F);2708.59;
3718;1959.17;570 ms;4.8 G;canter;586 m/min;13 cm;5.57 m;S;-0.3 º (L);-6.9 º (F);2682.32;
3719;1959.66;490 ms;4.7 G;canter;570 m/min;14 cm;4.66 m;S;0.5 º (R);-5.8 º (F);2096.27;
3720;1960.22;560 ms;6.1 G;canter;574 m/min;14 cm;5.36 m;S;0.6 º (R);-5.9 º (F);3829.65;
3721;1960.77;550 ms;4.7 G;canter;551 m/min;14 cm;5.05 m;S;-1 º (L);-6.6 º (F);2173.74;
3722;1961.35;580 ms;5.2 G;canter;549 m/min;17 cm;5.31 m;S;1.6 º (R);-1 º (F);2184.25;
3723;1961.91;560 ms;6.5 G;canter;487 m/min;16 cm;4.55 m;R;9 º (R);-3 º (F);2647.01;
3724;1962.42;510 ms;3.4 G;canter;464 m/min;14 cm;3.95 m;R;10.4 º (R);-3.8 º (F);1608.55;
3725;1963.01;590 ms;3.3 G;canter;477 m/min;21 cm;4.69 m;R;3.6 º (R);-1.9 º (F);2457.56;
3726;1963.58;570 ms;4.7 G;canter;430 m/min;20 cm;4.09 m;R;5.2 º (R);-2.1 º (F);2132.47;
3727;1964.11;530 ms;3.3 G;canter;415 m/min;14 cm;3.66 m;R;10.6 º (R);1 º (B);1716.19;
3728;1964.63;520 ms;2.8 G;canter;420 m/min;16 cm;3.64 m;R;12.7 º (R);4.9 º (B);1262.16;
3729;1965.18;550 ms;3.3 G;canter;420 m/min;13 cm;3.85 m;R;11.2 º (R);2.4 º (B);1578.08;
3730;1965.61;430 ms;2.2 G;canter;442 m/min;10 cm;3.17 m;R;7.9 º (R);-4.3 º (F);960.4;
3731;1966.99;250 ms;2.2 G;canter;481 m/min;7 cm;2 m;L;-4.6 º (L);-16.4 º (F);1073.57;
3732;1967.52;530 ms;2 G;canter;480 m/min;8 cm;4.24 m;S;-0.5 º (L);-2.6 º (F);1465.91;
3733;1968.04;520 ms;2.2 G;canter;519 m/min;9 cm;4.5 m;S;3.3 º (R);-5.6 º (F);1485.52;
3734;1968.57;530 ms;2.8 G;canter;575 m/min;12 cm;5.08 m;R;4.6 º (R);-8.8 º (F);2255.93;
3735;1969.09;520 ms;3.4 G;canter;619 m/min;11 cm;5.36 m;R;6.9 º (R);-8.2 º (F);1765.7;
3736;1969.61;520 ms;4.2 G;canter;612 m/min;13 cm;5.3 m;R;6.7 º (R);-7.7 º (F);2260.16;
3737;1970.14;530 ms;3.9 G;canter;614 m/min;12 cm;5.42 m;R;7.4 º (R);-6.6 º (F);2082.09;
3738;1970.66;520 ms;3.9 G;canter;596 m/min;14 cm;5.16 m;R;6.4 º (R);-5.6 º (F);2231.21;
3739;1971.23;570 ms;4.9 G;canter;600 m/min;16 cm;5.7 m;R;5.9 º (R);-5.6 º (F);3276.09;
3740;1971.72;490 ms;4.8 G;canter;642 m/min;15 cm;5.24 m;R;6.2 º (R);-8.2 º (F);2549.64;
3741;1972.28;560 ms;3.7 G;canter;583 m/min;15 cm;5.44 m;R;4 º (R);-3.2 º (F);2355.78;
3742;1972.82;540 ms;4.5 G;canter;559 m/min;16 cm;5.03 m;R;5.3 º (R);-5.1 º (F);2559.59;
3743;1973.31;490 ms;3.4 G;canter;593 m/min;11 cm;4.84 m;R;4.1 º (R);-6.6 º (F);2087.83;
3744;1973.92;610 ms;4.6 G;canter;516 m/min;19 cm;5.24 m;R;3 º (R);-3.8 º (F);3270.22;
3745;1974.43;510 ms;2.9 G;canter;512 m/min;14 cm;4.35 m;R;5.5 º (R);-3 º (F);1450.9;
3746;1975.02;590 ms;4.4 G;canter;518 m/min;20 cm;5.09 m;R;6.4 º (R);-3.5 º (F);2798.5;
3747;1975.53;510 ms;2.4 G;canter;581 m/min;13 cm;4.94 m;S;1.6 º (R);-11 º (F);1534.18;
3748;1976.08;550 ms;3.7 G;canter;562 m/min;17 cm;5.15 m;L;-4.2 º (L);-7.4 º (F);2530.05;
3749;1976.61;530 ms;3.6 G;canter;540 m/min;13 cm;4.77 m;L;-4.6 º (L);-5.7 º (F);1847.56;
3750;1977.13;520 ms;4.5 G;canter;520 m/min;15 cm;4.51 m;L;-3.1 º (L);-3.6 º (F);2005.85;
3751;1977.63;500 ms;4.4 G;canter;460 m/min;9 cm;3.83 m;S;4.9 º (R);-0.4 º (F);1530.64;
3752;1978.29;660 ms;4.5 G;canter;468 m/min;23 cm;5.15 m;R;9.2 º (R);0.7 º (B);2672;
3753;1978.73;440 ms;6.2 G;canter;505 m/min;14 cm;3.7 m;R;8.8 º (R);-1.8 º (F);2555.36;
3754;1979.33;600 ms;3.1 G;canter;458 m/min;20 cm;4.58 m;S;3.4 º (R);0.9 º (B);1966.88;
3755;1979.88;550 ms;2.3 G;canter;416 m/min;11 cm;3.81 m;S;4 º (R);-2.9 º (F);937.49;
3756;1980.43;550 ms;3.7 G;canter;452 m/min;18 cm;4.15 m;R;5.1 º (R);-8.8 º (F);1767.26;
3757;1980.99;560 ms;3.1 G;canter;474 m/min;18 cm;4.42 m;R;8.5 º (R);-8.6 º (F);1966.1;
3758;1981.54;550 ms;5.6 G;canter;502 m/min;20 cm;4.6 m;R;6.6 º (R);-3.7 º (F);2638.93;
3759;1982.03;490 ms;3.9 G;canter;492 m/min;15 cm;4.02 m;R;5.5 º (R);3.6 º (B);1939.7;
3760;1983.44;310 ms;1.1 G;canter;458 m/min;4 cm;2.37 m;S;0.9 º (R);-24.4 º (F);312.9;
3761;1983.97;530 ms;2.9 G;canter;427 m/min;15 cm;3.77 m;R;13.6 º (R);-4.5 º (F);1961.16;
3762;1984.45;480 ms;3.3 G;canter;448 m/min;11 cm;3.59 m;R;10.4 º (R);-3.9 º (F);1442.24;
3763;1985.79;370 ms;2.1 G;canter;480 m/min;4 cm;2.96 m;S;-2.4 º (L);-17.3 º (F);878.06;
3764;1986.25;460 ms;2.9 G;canter;476 m/min;11 cm;3.65 m;L;-6.3 º (L);-7.2 º (F);1755.01;
3765;1986.8;550 ms;2.1 G;canter;492 m/min;9 cm;4.51 m;L;-8.4 º (L);-2.6 º (F);1294.95;
3766;1987.26;460 ms;2.1 G;canter;554 m/min;7 cm;4.25 m;L;-6.6 º (L);-6.6 º (F);1287.09;
3767;1987.79;530 ms;2.7 G;canter;574 m/min;9 cm;5.07 m;L;-6 º (L);-6.5 º (F);1762.65;
3768;1988.28;490 ms;3 G;canter;599 m/min;10 cm;4.89 m;L;-3 º (L);-7.3 º (F);1938.85;
3769;1988.81;530 ms;2.4 G;canter;602 m/min;10 cm;5.32 m;S;-0.1 º (L);-4.3 º (F);2027.59;
3770;1989.32;510 ms;4.4 G;canter;647 m/min;10 cm;5.5 m;S;0.4 º (R);-6.7 º (F);2293.67;
3771;1989.84;520 ms;5.2 G;canter;615 m/min;10 cm;5.33 m;S;0 º (R);-5.1 º (F);2321.23;
3772;1990.33;490 ms;5.4 G;canter;672 m/min;9 cm;5.49 m;S;1.3 º (R);-7.5 º (F);2499.79;
3773;1990.85;520 ms;6.3 G;canter;640 m/min;11 cm;5.55 m;S;2 º (R);-5.1 º (F);2762.57;
3774;1991.36;510 ms;7.1 G;canter;650 m/min;12 cm;5.52 m;S;-0.7 º (L);-5.8 º (F);2862.79;
3775;1991.87;510 ms;5.2 G;canter;648 m/min;11 cm;5.51 m;S;0.6 º (R);-5.7 º (F);2675.07;
3776;1992.39;520 ms;5.1 G;canter;651 m/min;11 cm;5.64 m;S;1 º (R);-5.5 º (F);2581.74;
3777;1992.9;510 ms;7.1 G;canter;673 m/min;11 cm;5.72 m;S;0.7 º (R);-6.1 º (F);2806.71;
3778;1993.43;530 ms;6 G;canter;657 m/min;12 cm;5.8 m;S;0.9 º (R);-5 º (F);2542.65;
3779;1993.92;490 ms;6.8 G;canter;638 m/min;11 cm;5.21 m;S;0.2 º (R);-5.6 º (F);3082.7;
3780;1994.45;530 ms;5.1 G;canter;601 m/min;12 cm;5.31 m;S;1.2 º (R);-3 º (F);2409.56;
3781;1994.97;520 ms;7 G;canter;612 m/min;11 cm;5.3 m;S;-0.3 º (L);-4.6 º (F);2628.77;
3782;1995.52;550 ms;5.6 G;canter;608 m/min;12 cm;5.58 m;S;-1.2 º (L);-5.1 º (F);3114.19;
3783;1996.02;500 ms;3.1 G;canter;627 m/min;11 cm;5.22 m;S;1.9 º (R);-4.5 º (F);1820.78;
3784;1996.52;500 ms;7.7 G;canter;659 m/min;10 cm;5.49 m;S;-0.4 º (L);-7.2 º (F);2338.37;
3785;1997.01;490 ms;4.5 G;canter;631 m/min;10 cm;5.15 m;S;0.4 º (R);-6.4 º (F);2429.63;
3786;1997.57;560 ms;4.4 G;canter;631 m/min;14 cm;5.89 m;S;2.7 º (R);-4.7 º (F);2827.96;
3787;1998.08;510 ms;6.3 G;canter;625 m/min;12 cm;5.31 m;S;4.4 º (R);-5 º (F);2654.17;
3788;1998.61;530 ms;6.1 G;canter;617 m/min;12 cm;5.45 m;S;3.5 º (R);-4.1 º (F);2511.99;
3789;1999.11;500 ms;4.8 G;canter;649 m/min;11 cm;5.41 m;S;2.6 º (R);-6.3 º (F);2434.78;
3790;1999.66;550 ms;4.7 G;canter;618 m/min;12 cm;5.66 m;S;3.8 º (R);-4.9 º (F);2592.28;
3791;2000.19;530 ms;4.7 G;canter;636 m/min;11 cm;5.62 m;S;4.6 º (R);-6.8 º (F);2688.88;
3792;2000.68;490 ms;4.5 G;canter;649 m/min;11 cm;5.3 m;S;3.1 º (R);-7.2 º (F);2200.27;
3793;2001.22;540 ms;7.3 G;canter;611 m/min;13 cm;5.5 m;S;1.2 º (R);-5.3 º (F);2916.52;
3794;2001.73;510 ms;4.7 G;canter;649 m/min;10 cm;5.52 m;S;1.8 º (R);-6.6 º (F);2348.2;
3795;2002.26;530 ms;5.3 G;canter;609 m/min;13 cm;5.38 m;S;1.7 º (R);-4.2 º (F);2758.27;
3796;2002.77;510 ms;6.3 G;canter;598 m/min;11 cm;5.08 m;S;-1.8 º (L);-4.1 º (F);2363.74;
3797;2003.32;550 ms;4.7 G;canter;594 m/min;11 cm;5.45 m;L;-2.7 º (L);-3.2 º (F);3226.06;
3798;2003.8;480 ms;3.1 G;canter;594 m/min;9 cm;4.75 m;S;-2.9 º (L);-3.4 º (F);1514.05;
3799;2004.35;550 ms;4.9 G;canter;584 m/min;14 cm;5.36 m;S;-1.7 º (L);-3.8 º (F);2988.63;
3800;2004.84;490 ms;4.7 G;canter;559 m/min;10 cm;4.56 m;S;-1.5 º (L);-5.2 º (F);2273.4;
3801;2005.38;540 ms;4.8 G;canter;594 m/min;12 cm;5.35 m;S;-3.4 º (L);-4 º (F);2600.1;
3802;2005.94;560 ms;3.1 G;canter;596 m/min;13 cm;5.56 m;S;0.2 º (R);-4.7 º (F);3026.32;
3803;2006.45;510 ms;4.4 G;canter;570 m/min;12 cm;4.85 m;S;3.2 º (R);-4.9 º (F);1853.73;
3804;2007;550 ms;4.6 G;canter;542 m/min;14 cm;4.97 m;S;-0.1 º (L);-1.9 º (F);2432.27;
3805;2007.54;540 ms;4.3 G;canter;552 m/min;14 cm;4.96 m;S;-1.4 º (L);-4 º (F);2371.15;
3806;2008.08;540 ms;3.7 G;canter;532 m/min;11 cm;4.79 m;S;1.2 º (R);-5.3 º (F);2211.27;
3807;2008.65;570 ms;4.3 G;canter;527 m/min;15 cm;5.01 m;S;-0.9 º (L);-4.3 º (F);2179.18;
3808;2009.16;510 ms;2.6 G;canter;513 m/min;9 cm;4.36 m;S;-1 º (L);-4 º (F);1467.69;
3809;2009.73;570 ms;2.8 G;canter;518 m/min;16 cm;4.92 m;S;-0.4 º (L);-3.4 º (F);2456.41;
3810;2010.28;550 ms;3.3 G;canter;460 m/min;14 cm;4.22 m;S;0.9 º (R);-2.2 º (F);2205.4;
3811;2010.83;550 ms;3.3 G;canter;473 m/min;11 cm;4.34 m;S;-0.7 º (L);-5 º (F);1915.98;
3812;2011.36;530 ms;4.5 G;canter;475 m/min;14 cm;4.2 m;S;-0.5 º (L);-5 º (F);1813.02;
3813;2011.91;550 ms;2.8 G;canter;433 m/min;15 cm;3.97 m;S;-0.5 º (L);-3 º (F);2312.62;
3814;2012.53;620 ms;2.6 G;canter;382 m/min;14 cm;3.95 m;S;-0.1 º (L);-3.1 º (F);1963.16;
3815;2013.06;530 ms;2.5 G;canter;373 m/min;11 cm;3.3 m;S;0.7 º (R);-7.5 º (F);1217.16;
3816;2013.68;620 ms;3.2 G;canter;398 m/min;19 cm;4.12 m;S;2.8 º (R);-4.9 º (F);2592.74;
3817;2014.25;570 ms;3.1 G;canter;389 m/min;19 cm;3.69 m;S;4.3 º (R);-2.9 º (F);1515.25;
3818;2014.8;550 ms;3.8 G;canter;379 m/min;16 cm;3.48 m;S;-1.3 º (L);-3.3 º (F);1703.32;
3819;2015.37;570 ms;3.4 G;canter;308 m/min;14 cm;2.92 m;S;1.2 º (R);8.4 º (B);1151.59;
3820;2015.87;500 ms;1.7 G;canter;311 m/min;10 cm;2.59 m;S;1.1 º (R);-0.1 º (F);912.56;
3821;2016.36;490 ms;3.1 G;canter;324 m/min;12 cm;2.65 m;S;1.9 º (R);-6.2 º (F);1458.39;
3822;2017.75;330 ms;2.6 G;canter;380 m/min;6 cm;2.09 m;R;3.9 º (R);-23.8 º (F);426.52;
3823;2018.29;540 ms;3.4 G;canter;348 m/min;14 cm;3.14 m;L;-4.2 º (L);-8.6 º (F);1609.55;
3824;2018.92;630 ms;2.3 G;canter;295 m/min;23 cm;3.1 m;S;-1.5 º (L);-10.6 º (F);982.21;
3825;2019.43;510 ms;3.4 G;canter;309 m/min;9 cm;2.63 m;S;-3.4 º (L);-15.1 º (F);1091.13;
3826;2019.99;560 ms;6.3 G;canter;304 m/min;16 cm;2.84 m;S;0.2 º (R);-4 º (F);1587.19;
3827;2020.5;510 ms;1.7 G;canter;319 m/min;9 cm;2.72 m;S;0.3 º (R);-6.9 º (F);905.57;
3828;2022.17;470 ms;2.8 G;canter;330 m/min;4 cm;2.59 m;S;1.8 º (R);-12.9 º (F);1292.45;
3829;2022.63;460 ms;1.8 G;canter;320 m/min;10 cm;2.45 m;R;10.6 º (R);-5.7 º (F);749.18;
3830;2023.24;610 ms;3.8 G;canter;339 m/min;17 cm;3.44 m;R;11.2 º (R);-2.7 º (F);1835.67;
3831;2023.72;480 ms;3.3 G;canter;393 m/min;16 cm;3.15 m;R;6 º (R);-1.1 º (F);2016.67;
3832;2025.06;310 ms;6.2 G;canter;391 m/min;13 cm;2.02 m;S;2.6 º (R);-22.6 º (F);2634.06;
3833;2025.81;750 ms;2.5 G;canter;371 m/min;11 cm;4.64 m;S;-3.6 º (L);7.8 º (B);2297.5;
3834;2026.7;890 ms;1.8 G;canter;391 m/min;4 cm;5.79 m;S;1.5 º (R);1 º (B);2255.48;
3835;2027.19;490 ms;2 G;canter;447 m/min;7 cm;3.65 m;S;3.5 º (R);-1.9 º (F);1657.1;
3836;2027.7;510 ms;2.3 G;canter;462 m/min;9 cm;3.93 m;R;3.2 º (R);1.7 º (B);2270.11;
3837;2028.21;510 ms;3.5 G;canter;443 m/min;12 cm;3.77 m;R;4.6 º (R);1.6 º (B);2374.07;
3838;2029.32;1110 ms;3.4 G;canter;455 m/min;28 cm;8.41 m;S;-1.6 º (L);-3.3 º (F);3332.51;
3839;2029.87;550 ms;5.6 G;canter;430 m/min;16 cm;3.94 m;S;3.7 º (R);3.5 º (B);3252.09;
3840;2030.31;440 ms;2.3 G;canter;475 m/min;4 cm;3.49 m;R;7.2 º (R);4.2 º (B);2338.87;
3841;2030.72;410 ms;1.2 G;canter;495 m/min;3 cm;3.38 m;R;10.4 º (R);-0.4 º (F);1232.17;
3842;2031.29;570 ms;1.9 G;canter;460 m/min;7 cm;4.37 m;R;11.4 º (R);3.8 º (B);2210.96;
3843;2031.82;530 ms;3.2 G;canter;446 m/min;7 cm;3.94 m;R;7.7 º (R);3.7 º (B);2641.77;
3844;2032.29;470 ms;2.3 G;canter;472 m/min;6 cm;3.69 m;S;1.2 º (R);2.6 º (B);1777.35;
3845;2032.81;520 ms;3.1 G;canter;451 m/min;5 cm;3.91 m;R;3.5 º (R);4.9 º (B);2296.07;
3846;2033.29;480 ms;1.9 G;canter;460 m/min;4 cm;3.68 m;S;-0.2 º (L);4.5 º (B);1744.56;
3847;2033.77;480 ms;1.8 G;canter;475 m/min;5 cm;3.8 m;S;-1.6 º (L);3.2 º (B);1530.09;
3848;2034.29;520 ms;2.5 G;canter;462 m/min;5 cm;4.01 m;S;0.1 º (R);3.4 º (B);1748.9;
3849;2034.83;540 ms;2.7 G;canter;439 m/min;6 cm;3.95 m;S;2.2 º (R);2.7 º (B);1832.65;
3850;2035.31;480 ms;2 G;canter;485 m/min;7 cm;3.88 m;S;1.1 º (R);-3.4 º (F);1203.99;
3851;2035.89;580 ms;3.7 G;canter;458 m/min;15 cm;4.43 m;S;0.3 º (R);-0.9 º (F);2137.25;
3852;2036.41;520 ms;2.2 G;canter;440 m/min;15 cm;3.81 m;S;-1.3 º (L);-2.7 º (F);1652.07;
3853;2037.03;620 ms;3.8 G;canter;403 m/min;22 cm;4.17 m;S;-1.9 º (L);-3.1 º (F);1967.53;
3854;2037.54;510 ms;2.2 G;canter;389 m/min;12 cm;3.31 m;L;-5.9 º (L);-6.7 º (F);1001.34;
3855;2038.09;550 ms;3.1 G;canter;394 m/min;13 cm;3.62 m;S;-0.1 º (L);-9.9 º (F);1506.48;
3856;2038.66;570 ms;3.3 G;canter;420 m/min;14 cm;3.99 m;S;3.1 º (R);-10 º (F);1883.84;
3857;2039.17;510 ms;2.9 G;canter;454 m/min;11 cm;3.86 m;S;1.6 º (R);-9.4 º (F);1098.88;
3858;2039.75;580 ms;4.6 G;canter;412 m/min;16 cm;3.99 m;S;2.1 º (R);-6.6 º (F);2276.51;
3859;2040.25;500 ms;3.3 G;canter;372 m/min;11 cm;3.1 m;R;5.2 º (R);-5.2 º (F);1259.59;
3860;2040.8;550 ms;5.4 G;canter;416 m/min;15 cm;3.81 m;S;3.6 º (R);-7.2 º (F);1840.94;
3861;2041.32;520 ms;5 G;canter;420 m/min;14 cm;3.64 m;S;2.2 º (R);-7.9 º (F);2158.67;
3862;2041.9;580 ms;4.9 G;canter;399 m/min;14 cm;3.86 m;S;1.9 º (R);-8.1 º (F);2543.8;
3863;2042.4;500 ms;3.6 G;canter;405 m/min;12 cm;3.37 m;S;2.9 º (R);-8 º (F);1032.97;
3864;2042.99;590 ms;4.8 G;canter;417 m/min;19 cm;4.1 m;S;0.4 º (R);-9 º (F);2646.58;
3865;2043.54;550 ms;4.1 G;canter;455 m/min;11 cm;4.17 m;S;0.6 º (R);-11.7 º (F);1701.89;
3866;2044.11;570 ms;3.7 G;canter;457 m/min;20 cm;4.35 m;S;-1 º (L);-14 º (F);1825.38;
3867;2044.7;590 ms;4 G;canter;451 m/min;19 cm;4.44 m;L;-3.1 º (L);-13.6 º (F);2683.68;
3868;2045.2;500 ms;4.5 G;canter;440 m/min;12 cm;3.67 m;L;-4.1 º (L);-14.1 º (F);1576.71;
3869;2045.77;570 ms;5.2 G;canter;429 m/min;20 cm;4.07 m;S;-3.9 º (L);-9.6 º (F);2401.96;
3870;2046.32;550 ms;3.7 G;canter;419 m/min;17 cm;3.84 m;S;-1.2 º (L);-10.1 º (F);1968.08;
3871;2046.88;560 ms;4.9 G;canter;446 m/min;17 cm;4.16 m;S;-0.2 º (L);-12.3 º (F);2122.45;
3872;2047.42;540 ms;4.1 G;canter;440 m/min;17 cm;3.96 m;S;3.3 º (R);-12.3 º (F);2430.22;
3873;2047.97;550 ms;4.1 G;canter;433 m/min;11 cm;3.97 m;S;1 º (R);-11.2 º (F);1449.56;
3874;2048.56;590 ms;5.3 G;canter;477 m/min;19 cm;4.69 m;S;0.6 º (R);-12.9 º (F);2573.99;
3875;2049.13;570 ms;5.4 G;canter;473 m/min;18 cm;4.5 m;S;1.3 º (R);-15 º (F);2198.87;
3876;2049.66;530 ms;4.5 G;canter;466 m/min;16 cm;4.12 m;S;0.1 º (R);-13.9 º (F);2421.32;
3877;2050.23;570 ms;7.6 G;canter;491 m/min;18 cm;4.66 m;S;0.2 º (R);-15.3 º (F);2931.03;
3878;2050.71;480 ms;3.8 G;canter;468 m/min;14 cm;3.74 m;L;-6.2 º (L);-13 º (F);1676.19;
3879;2051.28;570 ms;4.1 G;canter;436 m/min;19 cm;4.15 m;L;-5.1 º (L);-7.7 º (F);2294.74;
3880;2051.81;530 ms;5.5 G;canter;433 m/min;19 cm;3.83 m;L;-2.4 º (L);-6.1 º (F);1869.07;
3881;2052.35;540 ms;3.6 G;canter;425 m/min;13 cm;3.83 m;S;-2.4 º (L);-7.3 º (F);1580.8;
3882;2053.04;690 ms;3.3 G;canter;429 m/min;27 cm;4.94 m;S;0.2 º (R);-11.6 º (F);2038.23;
3883;2053.57;530 ms;3.1 G;canter;445 m/min;14 cm;3.93 m;S;0.8 º (R);-14.9 º (F);1070.36;
3884;2054.1;530 ms;4.7 G;canter;465 m/min;18 cm;4.11 m;S;0.9 º (R);-12.4 º (F);2387.14;
3885;2054.67;570 ms;4.1 G;canter;433 m/min;19 cm;4.11 m;R;2.9 º (R);-9.3 º (F);2345.71;
3886;2055.23;560 ms;5.2 G;canter;377 m/min;19 cm;3.52 m;S;2.2 º (R);-8.1 º (F);2059.59;
3887;2055.75;520 ms;3.7 G;canter;420 m/min;16 cm;3.64 m;R;2.9 º (R);-10.7 º (F);1628.19;
3888;2056.31;560 ms;5.3 G;canter;421 m/min;19 cm;3.93 m;R;4.6 º (R);-9.5 º (F);2254.3;
3889;2056.86;550 ms;3.4 G;canter;436 m/min;16 cm;3.99 m;R;8.3 º (R);-9.3 º (F);1997.15;
3890;2057.34;480 ms;4.5 G;canter;445 m/min;14 cm;3.56 m;R;7.6 º (R);-7.8 º (F);1506.52;
3891;2057.94;600 ms;3.9 G;canter;407 m/min;25 cm;4.07 m;R;9.7 º (R);-7.5 º (F);2366.77;
3892;2058.49;550 ms;4 G;canter;385 m/min;19 cm;3.53 m;S;6.8 º (R);-7.5 º (F);1743.78;
3893;2059.03;540 ms;3.4 G;canter;410 m/min;19 cm;3.69 m;R;6.2 º (R);-7.8 º (F);2122.01;
3894;2059.58;550 ms;4.2 G;canter;393 m/min;20 cm;3.61 m;R;6.3 º (R);-0.9 º (F);1889.67;
3895;2060.16;580 ms;3.7 G;canter;348 m/min;19 cm;3.36 m;R;3.6 º (R);0.2 º (B);1577.06;
3896;2060.76;600 ms;3 G;canter;302 m/min;18 cm;3.02 m;R;6.6 º (R);-4.8 º (F);1859.02;
3897;2061.28;520 ms;2.4 G;canter;318 m/min;15 cm;2.75 m;R;4.6 º (R);-4.2 º (F);1126.53;
3898;2061.86;580 ms;3.7 G;canter;305 m/min;20 cm;2.95 m;R;7.2 º (R);-1.1 º (F);1803.39;
3899;2062.41;550 ms;2.7 G;canter;306 m/min;17 cm;2.81 m;R;6.4 º (R);-1.8 º (F);1081.65;
3900;2062.97;560 ms;2.6 G;canter;259 m/min;12 cm;2.41 m;S;4.1 º (R);-5.7 º (F);731.1;
3901;2063.53;560 ms;1.9 G;canter;252 m/min;11 cm;2.35 m;S;-1.5 º (L);-4.8 º (F);499.56;
3902;2064.12;590 ms;3.6 G;canter;268 m/min;16 cm;2.64 m;S;2.3 º (R);-1 º (F);1486.08;
3903;2064.57;450 ms;1.9 G;canter;299 m/min;9 cm;2.24 m;R;1.6 º (R);-5.3 º (F);554.59;
3904;2065.86;260 ms;2.2 G;canter;314 m/min;7 cm;1.36 m;R;4.7 º (R);-15.1 º (F);655.29;
3905;2066.39;530 ms;2.4 G;canter;259 m/min;11 cm;2.29 m;S;-4.6 º (L);0.4 º (B);549.2;
3906;2066.94;550 ms;3.2 G;canter;344 m/min;12 cm;3.16 m;L;-4.7 º (L);-8 º (F);956.54;
3907;2067.46;520 ms;3.7 G;canter;431 m/min;14 cm;3.74 m;S;-0.9 º (L);-9.2 º (F);1403.38;
3908;2068.03;570 ms;5.5 G;canter;524 m/min;14 cm;4.98 m;S;4.1 º (R);-11 º (F);2523.04;
3909;2068.51;480 ms;3.2 G;canter;594 m/min;12 cm;4.75 m;S;5 º (R);-12 º (F);1511.67;
3910;2069.07;560 ms;3.9 G;canter;575 m/min;17 cm;5.37 m;S;1.4 º (R);-10 º (F);2958.23;
3911;2069.6;530 ms;5.8 G;canter;608 m/min;15 cm;5.37 m;L;-3.5 º (L);-11.2 º (F);2871.34;
3912;2070.15;550 ms;5.2 G;canter;608 m/min;15 cm;5.58 m;L;-3.9 º (L);-10.7 º (F);3434.31;
3913;2070.64;490 ms;4 G;canter;583 m/min;12 cm;4.76 m;L;-2 º (L);-10.6 º (F);1723;
3914;2071.21;570 ms;4.7 G;canter;536 m/min;17 cm;5.09 m;L;-6.5 º (L);-6.7 º (F);2931.01;
3915;2071.75;540 ms;4.4 G;canter;523 m/min;14 cm;4.71 m;S;-3.5 º (L);-6.5 º (F);2510.8;
3916;2072.26;510 ms;6 G;canter;520 m/min;13 cm;4.42 m;S;-0.5 º (L);-8.4 º (F);2509.53;
3917;2072.83;570 ms;3.8 G;canter;534 m/min;15 cm;5.08 m;S;-0.8 º (L);-7.6 º (F);3307.97;
3918;2073.34;510 ms;3.7 G;canter;560 m/min;12 cm;4.76 m;S;0.7 º (R);-7.8 º (F);1861.61;
3919;2073.9;560 ms;3.6 G;canter;524 m/min;16 cm;4.89 m;S;1.6 º (R);-6.3 º (F);2245.32;
3920;2074.44;540 ms;4.7 G;canter;508 m/min;15 cm;4.58 m;S;1.3 º (R);-7.6 º (F);2237.72;
3921;2075.01;570 ms;3.9 G;canter;514 m/min;16 cm;4.89 m;S;1.3 º (R);-5.1 º (F);2595.5;
3922;2075.56;550 ms;4.9 G;canter;518 m/min;16 cm;4.75 m;S;0.7 º (R);-6.4 º (F);2045.12;
3923;2076.11;550 ms;4.7 G;canter;464 m/min;18 cm;4.25 m;S;1.2 º (R);-2.1 º (F);2272.75;
3924;2076.64;530 ms;3.9 G;canter;421 m/min;16 cm;3.72 m;S;-1.1 º (L);-3.4 º (F);1586.07;
3925;2077.25;610 ms;2.8 G;canter;432 m/min;18 cm;4.4 m;S;-2.6 º (L);-2.1 º (F);2282.69;
3926;2077.76;510 ms;2.8 G;canter;451 m/min;9 cm;3.83 m;S;-0.7 º (L);-1.7 º (F);1469.15;
3927;2078.2;440 ms;1.9 G;canter;465 m/min;8 cm;3.41 m;L;-3.1 º (L);-6.6 º (F);952.82;
3928;2079.52;320 ms;2.9 G;canter;499 m/min;5 cm;2.66 m;S;3.1 º (R);-12.2 º (F);938.26;
3929;2079.95;430 ms;3.2 G;canter;431 m/min;9 cm;3.09 m;L;-5.2 º (L);-3.2 º (F);1463.87;
3930;2081.26;290 ms;2 G;canter;512 m/min;11 cm;2.48 m;R;7 º (R);-18.9 º (F);914.57;
3931;2081.83;570 ms;3.4 G;canter;433 m/min;11 cm;4.11 m;S;-1.4 º (L);-5.6 º (F);1513.67;
3932;2082.31;480 ms;2.1 G;canter;482 m/min;10 cm;3.86 m;L;-5.6 º (L);-7.9 º (F);1397.48;
3933;2082.8;490 ms;3 G;canter;470 m/min;12 cm;3.84 m;L;-3.7 º (L);-5.5 º (F);1628.28;
3934;2083.34;540 ms;3.7 G;canter;468 m/min;15 cm;4.21 m;S;0.1 º (R);-4.6 º (F);2294.8;
3935;2083.89;550 ms;4.7 G;canter;439 m/min;16 cm;4.03 m;S;-0.4 º (L);-3.7 º (F);2076.46;
3936;2084.41;520 ms;4.4 G;canter;446 m/min;16 cm;3.87 m;S;-0.2 º (L);-5.6 º (F);2099.85;
3937;2085.02;610 ms;5 G;canter;447 m/min;24 cm;4.54 m;S;-1.6 º (L);2.6 º (B);2368.56;
3938;2085.59;570 ms;8.5 G;canter;422 m/min;16 cm;4.01 m;S;-0.5 º (L);9.7 º (B);1939.05;
3939;2086.07;480 ms;4.3 G;canter;386 m/min;12 cm;3.09 m;S;1.2 º (R);8.1 º (B);1040.15;
3940;2086.44;370 ms;5.5 G;canter;352 m/min;5 cm;2.17 m;S;0.5 º (R);1.6 º (B);1324.69;
3941;2087.89;260 ms;2.5 G;canter;372 m/min;10 cm;1.61 m;R;17.9 º (R);-21.9 º (F);674.8;
3942;2088.56;670 ms;2.8 G;canter;313 m/min;15 cm;3.5 m;R;12.5 º (R);0.9 º (B);1415.68;
3943;2089.05;490 ms;1.5 G;canter;390 m/min;8 cm;3.18 m;R;10.9 º (R);-6.3 º (F);1193.85;
3944;2089.56;510 ms;2.1 G;canter;412 m/min;6 cm;3.5 m;S;1.1 º (R);-5.6 º (F);1237.31;
3945;2090.07;510 ms;2.9 G;canter;449 m/min;10 cm;3.82 m;S;-1.3 º (L);-7.5 º (F);1689.17;
3946;2090.59;520 ms;3.3 G;canter;498 m/min;13 cm;4.31 m;R;2.9 º (R);-6.8 º (F);2049.92;
3947;2091.12;530 ms;3.2 G;canter;508 m/min;15 cm;4.49 m;R;2.7 º (R);-7.8 º (F);2397.05;
3948;2091.72;600 ms;3 G;canter;491 m/min;16 cm;4.91 m;R;3.2 º (R);-6.9 º (F);2533.98;
3949;2092.22;500 ms;3.1 G;canter;468 m/min;12 cm;3.9 m;R;3.9 º (R);-7.2 º (F);1461.17;
3950;2092.79;570 ms;3.7 G;canter;428 m/min;18 cm;4.07 m;S;2.2 º (R);-6.3 º (F);2555.26;
3951;2093.34;550 ms;3.2 G;canter;451 m/min;16 cm;4.13 m;R;3.7 º (R);-7.9 º (F);2136.48;