Stride;Time (mm:ss);Duration;Strike power;Gait;Speed;Max. height;Length;Hand;Lateral balance;Longitudinal balance;Energy;BPM
1077;568.53;1120 ms;0.5 G;canter;75 m/min;12 cm;1.4 m;R;5.8 º (R);0.8 º (B);0.85;
1078;569.06;530 ms;0.4 G;canter;67 m/min;6 cm;0.59 m;R;9.9 º (R);0.4 º (B);0;
1079;569.46;400 ms;0.8 G;canter;99 m/min;6 cm;0.66 m;R;9.2 º (R);0.6 º (B);64.2;
1080;569.99;530 ms;1 G;canter;161 m/min;4 cm;1.43 m;R;9.6 º (R);6.5 º (B);224.85;
1081;570.51;520 ms;1.3 G;canter;222 m/min;4 cm;1.93 m;R;8.3 º (R);10.8 º (B);391.61;
1082;571.01;500 ms;2 G;canter;254 m/min;5 cm;2.12 m;R;6.1 º (R);9.7 º (B);405.4;
1083;571.46;450 ms;1.7 G;canter;327 m/min;4 cm;2.46 m;R;5 º (R);4.3 º (B);321.5;
1084;572.02;560 ms;2.2 G;canter;369 m/min;12 cm;3.45 m;S;-2.6 º (L);3.6 º (B);1022.86;
1085;572.5;480 ms;2.3 G;canter;425 m/min;8 cm;3.4 m;S;-3.4 º (L);0.5 º (B);986.78;
1086;573;500 ms;2.4 G;canter;467 m/min;9 cm;3.89 m;S;-1.4 º (L);2.8 º (B);1204.23;
1087;573.5;500 ms;3.7 G;canter;498 m/min;11 cm;4.15 m;L;-2.8 º (L);0.3 º (B);1901.76;
1088;574.04;540 ms;3.5 G;canter;518 m/min;15 cm;4.67 m;S;-1.4 º (L);0.3 º (B);2239.87;
1089;574.58;540 ms;4.7 G;canter;504 m/min;14 cm;4.54 m;S;0 º (L);-0.5 º (F);2024.35;
1090;575.09;510 ms;3.8 G;canter;512 m/min;12 cm;4.35 m;S;0.9 º (R);-0.5 º (F);1983.87;
1091;575.64;550 ms;3.7 G;canter;500 m/min;15 cm;4.58 m;S;0.7 º (R);1.3 º (B);2241.63;
1092;576.13;490 ms;3.9 G;canter;533 m/min;12 cm;4.35 m;R;1.6 º (R);0.3 º (B);2130.08;
1093;576.52;390 ms;2.5 G;canter;506 m/min;7 cm;3.29 m;R;2.5 º (R);-3.7 º (F);1320.08;
1094;577.54;40 ms;3.4 G;canter;598 m/min;0 cm;0.4 m;R;6.7 º (R);-22.2 º (F);757.8;
1095;577.83;290 ms;3 G;canter;553 m/min;3 cm;2.67 m;R;5.4 º (R);1.9 º (B);1493.59;
1096;578.31;480 ms;1.3 G;canter;514 m/min;2 cm;4.11 m;R;7.5 º (R);3.6 º (B);882.09;
1097;578.79;480 ms;2.9 G;canter;522 m/min;4 cm;4.18 m;R;3.8 º (R);0.9 º (B);1068.54;
1098;579.27;480 ms;2.9 G;canter;557 m/min;6 cm;4.45 m;R;4 º (R);-1.5 º (F);1517.56;
1099;579.78;510 ms;2.5 G;canter;596 m/min;7 cm;5.07 m;R;3.1 º (R);0.3 º (B);1909.61;
1100;580.27;490 ms;2.7 G;canter;603 m/min;7 cm;4.92 m;S;1.4 º (R);0.4 º (B);1862.84;
1101;580.76;490 ms;3.1 G;canter;620 m/min;8 cm;5.06 m;S;1.5 º (R);-1 º (F);1689.83;
1102;581.25;490 ms;3 G;canter;629 m/min;9 cm;5.13 m;S;1.1 º (R);-1.8 º (F);1960.68;
1103;581.78;530 ms;3.2 G;canter;642 m/min;11 cm;5.67 m;S;2.3 º (R);-1.2 º (F);2724.34;
1104;582.28;500 ms;2.9 G;canter;643 m/min;10 cm;5.36 m;S;2.5 º (R);-1.6 º (F);2374.82;
1105;582.79;510 ms;3.7 G;canter;640 m/min;10 cm;5.44 m;S;3.8 º (R);-3.2 º (F);2533.68;
1106;583.26;470 ms;3.4 G;canter;642 m/min;9 cm;5.03 m;S;1.5 º (R);-2.8 º (F);1928.06;
1107;583.81;550 ms;3.5 G;canter;647 m/min;15 cm;5.93 m;S;1.8 º (R);-1.5 º (F);3018.31;
1108;584.32;510 ms;2.8 G;canter;647 m/min;13 cm;5.5 m;S;5.2 º (R);-1.6 º (F);2284.01;
1109;584.82;500 ms;2.6 G;canter;602 m/min;13 cm;5.02 m;R;6.1 º (R);-0.4 º (F);2054.43;
1110;585.37;550 ms;2.9 G;canter;607 m/min;15 cm;5.56 m;S;3.5 º (R);0 º (B);2645.14;
1111;585.86;490 ms;3.2 G;canter;615 m/min;12 cm;5.03 m;R;4.8 º (R);-3 º (F);1710.47;
1112;586.38;520 ms;4.1 G;canter;534 m/min;11 cm;4.63 m;R;7.4 º (R);1.7 º (B);1852.72;
1113;586.89;510 ms;3.9 G;canter;520 m/min;10 cm;4.42 m;R;9.1 º (R);-1.8 º (F);2155.72;
1114;587.4;510 ms;4.5 G;canter;568 m/min;13 cm;4.83 m;R;5.6 º (R);-1.6 º (F);2320.9;
1115;587.95;550 ms;4.4 G;canter;607 m/min;18 cm;5.57 m;R;6.3 º (R);-2.2 º (F);2943.95;
1116;588.5;550 ms;4.1 G;canter;569 m/min;18 cm;5.21 m;R;5.8 º (R);0.3 º (B);2785.05;
1117;588.98;480 ms;3.7 G;canter;551 m/min;11 cm;4.41 m;R;7.9 º (R);-2.6 º (F);1530.58;
1118;589.48;500 ms;3.9 G;canter;537 m/min;11 cm;4.47 m;R;10.3 º (R);-3.8 º (F);2023.38;
1119;589.96;480 ms;3 G;canter;536 m/min;7 cm;4.29 m;R;9.9 º (R);-3.8 º (F);1846.14;
1120;590.53;570 ms;4.2 G;canter;556 m/min;13 cm;5.28 m;R;6.5 º (R);-3.3 º (F);2692.49;
1121;590.97;440 ms;3.3 G;canter;578 m/min;7 cm;4.24 m;R;5.1 º (R);-1.7 º (F);1452.31;
1122;591.37;400 ms;2.9 G;canter;554 m/min;8 cm;3.69 m;R;6.5 º (R);-3 º (F);1683.68;
1123;592.66;250 ms;3 G;canter;612 m/min;4 cm;2.55 m;S;0.6 º (R);-11.7 º (F);1801.62;
1124;593.2;540 ms;1.9 G;canter;614 m/min;6 cm;5.53 m;R;6.8 º (R);-4.5 º (F);1861.96;
1125;593.69;490 ms;3 G;canter;647 m/min;8 cm;5.29 m;R;3.7 º (R);-6.8 º (F);1814.11;
1126;594.25;560 ms;3.4 G;canter;643 m/min;12 cm;6 m;S;2.2 º (R);-4.6 º (F);2924.59;
1127;594.73;480 ms;2.8 G;canter;702 m/min;9 cm;5.61 m;S;2.3 º (R);-6.2 º (F);1718.99;
1128;595.22;490 ms;3.6 G;canter;643 m/min;8 cm;5.25 m;R;6.9 º (R);-2.3 º (F);2008.12;
1129;595.73;510 ms;3.8 G;canter;643 m/min;9 cm;5.46 m;R;4.9 º (R);-2.2 º (F);2176.85;
1130;596.22;490 ms;4.2 G;canter;629 m/min;9 cm;5.13 m;R;4.6 º (R);-2.1 º (F);2206.84;
1131;596.74;520 ms;4.6 G;canter;644 m/min;10 cm;5.58 m;R;4 º (R);-2.2 º (F);2498.72;
1132;597.3;560 ms;3.8 G;canter;599 m/min;15 cm;5.59 m;R;5.2 º (R);-1.8 º (F);3794.14;
1133;597.78;480 ms;3 G;canter;641 m/min;10 cm;5.13 m;R;1.8 º (R);-2.6 º (F);1446.63;
1134;598.26;480 ms;4 G;canter;640 m/min;10 cm;5.12 m;S;1.3 º (R);-2 º (F);2469.53;
1135;598.76;500 ms;4.6 G;canter;679 m/min;13 cm;5.66 m;S;0.4 º (R);-4.2 º (F);2832.91;
1136;599.31;550 ms;4.6 G;canter;665 m/min;15 cm;6.1 m;S;1.3 º (R);-2.3 º (F);3004.9;
1137;599.84;530 ms;4 G;canter;645 m/min;14 cm;5.7 m;S;0.1 º (R);-1 º (F);2835.62;
1138;600.36;520 ms;4.4 G;canter;641 m/min;14 cm;5.55 m;S;-3.1 º (L);1.3 º (B);3150.65;
1139;600.83;470 ms;3.8 G;canter;602 m/min;12 cm;4.72 m;L;-1.5 º (L);1 º (B);2217.87;
1140;601.35;520 ms;3.1 G;canter;599 m/min;14 cm;5.2 m;S;-1.4 º (L);1 º (B);2456.4;
1141;601.87;520 ms;3.2 G;canter;598 m/min;13 cm;5.18 m;S;-0.3 º (L);0.9 º (B);1963.35;
1142;602.42;550 ms;4.4 G;canter;555 m/min;15 cm;5.09 m;S;5 º (R);2.8 º (B);2300.4;
1143;602.95;530 ms;3.1 G;canter;508 m/min;15 cm;4.49 m;S;4.3 º (R);3.2 º (B);1653.38;
1144;603.46;510 ms;2.3 G;canter;542 m/min;13 cm;4.61 m;S;2 º (R);1.1 º (B);1704.24;
1145;604;540 ms;2.2 G;canter;559 m/min;16 cm;5.03 m;S;0.3 º (R);2.2 º (B);2111.38;
1146;604.51;510 ms;3.1 G;canter;548 m/min;13 cm;4.66 m;S;1.7 º (R);2.6 º (B);1938.33;
1147;604.97;460 ms;2.2 G;canter;494 m/min;11 cm;3.79 m;R;5.5 º (R);4.9 º (B);1021.23;
1148;605.44;470 ms;2.7 G;canter;472 m/min;11 cm;3.69 m;S;0.3 º (R);6.4 º (B);1339.27;
1149;605.88;440 ms;3 G;canter;483 m/min;10 cm;3.54 m;S;1.3 º (R);2.5 º (B);1154.62;
1150;607.02;40 ms;2.4 G;canter;572 m/min;0 cm;0.38 m;R;10.4 º (R);-27.5 º (F);392.1;
1151;607.32;300 ms;2.3 G;canter;520 m/min;3 cm;2.6 m;R;6.6 º (R);1 º (B);1484.52;
1152;607.79;470 ms;2 G;canter;522 m/min;4 cm;4.09 m;S;1.2 º (R);3.6 º (B);1356.13;
1153;608.24;450 ms;2.2 G;canter;552 m/min;5 cm;4.14 m;S;1.5 º (R);0.5 º (B);1601.5;
1154;608.7;460 ms;2.2 G;canter;588 m/min;7 cm;4.51 m;S;1.4 º (R);0.9 º (B);1529.59;
1155;609.2;500 ms;2.7 G;canter;598 m/min;7 cm;4.98 m;S;-0.6 º (L);0.5 º (B);1992.58;
1156;609.7;500 ms;3.9 G;canter;597 m/min;9 cm;4.97 m;S;1.3 º (R);-1.8 º (F);2017.93;
1157;610.24;540 ms;2.5 G;canter;609 m/min;11 cm;5.48 m;S;1.8 º (R);-0.8 º (F);2563.38;
1158;610.65;410 ms;3.1 G;canter;631 m/min;6 cm;4.31 m;S;3.5 º (R);-3.7 º (F);1696.31;
1159;611.2;550 ms;3.7 G;canter;622 m/min;11 cm;5.7 m;S;1 º (R);-1.2 º (F);2642.57;
1160;611.78;580 ms;3.2 G;canter;617 m/min;14 cm;5.97 m;S;-0.2 º (L);-0.3 º (F);3212.01;
1161;612.26;480 ms;2.1 G;canter;641 m/min;10 cm;5.13 m;S;3.6 º (R);-1.4 º (F);1891.22;
1162;612.79;530 ms;2.8 G;canter;655 m/min;13 cm;5.79 m;S;-0.6 º (L);-3.5 º (F);3058.27;
1163;613.25;460 ms;2.6 G;canter;675 m/min;8 cm;5.18 m;L;-2.9 º (L);-3.8 º (F);2392.84;
1164;613.75;500 ms;3.2 G;canter;660 m/min;9 cm;5.5 m;L;-5.4 º (L);0.2 º (B);2381.96;
1165;614.26;510 ms;3.2 G;canter;687 m/min;8 cm;5.84 m;L;-5.4 º (L);-1.4 º (F);2262.32;
1166;614.73;470 ms;3.4 G;canter;671 m/min;8 cm;5.26 m;S;-1.5 º (L);-0.7 º (F);2222.63;
1167;615.28;550 ms;2.9 G;canter;670 m/min;12 cm;6.14 m;S;-1.1 º (L);-0.2 º (F);3281.07;
1168;615.74;460 ms;4.4 G;canter;649 m/min;10 cm;4.97 m;S;0.2 º (R);0.9 º (B);1829.5;
1169;616.24;500 ms;3.8 G;canter;636 m/min;13 cm;5.3 m;S;0.8 º (R);0.2 º (B);2839.49;
1170;616.73;490 ms;3.5 G;canter;619 m/min;13 cm;5.05 m;S;-0.1 º (L);-0.4 º (F);2656.89;
1171;617.22;490 ms;3.9 G;canter;621 m/min;11 cm;5.07 m;S;-0.1 º (L);0.8 º (B);2481.84;
1172;617.78;560 ms;2.8 G;canter;582 m/min;17 cm;5.44 m;S;1.6 º (R);1.9 º (B);2970.66;
1173;618.29;510 ms;3.2 G;canter;535 m/min;15 cm;4.54 m;S;3 º (R);1.8 º (B);2027.88;
1174;618.85;560 ms;3 G;canter;531 m/min;17 cm;4.96 m;R;5.9 º (R);2.9 º (B);2506.56;
1175;619.31;460 ms;2.8 G;canter;477 m/min;12 cm;3.66 m;R;12.9 º (R);3.7 º (B);1697.23;
1176;619.89;580 ms;3.2 G;canter;413 m/min;10 cm;3.99 m;R;11.6 º (R);2.7 º (B);1897.35;
1177;620.4;510 ms;2.4 G;canter;432 m/min;10 cm;3.68 m;R;12 º (R);-1.1 º (F);1274.24;
1178;620.96;560 ms;3 G;canter;419 m/min;15 cm;3.91 m;R;12.8 º (R);1.9 º (B);1656.12;
1179;621.42;460 ms;3.3 G;canter;405 m/min;8 cm;3.1 m;R;12.4 º (R);-2.9 º (F);1187.93;
1180;621.95;530 ms;3 G;canter;405 m/min;12 cm;3.58 m;R;12.1 º (R);-2.3 º (F);1771.65;
1181;622.47;520 ms;2.9 G;canter;411 m/min;13 cm;3.56 m;R;9.5 º (R);-2.5 º (F);1378.34;
1182;622.99;520 ms;2.9 G;canter;444 m/min;10 cm;3.85 m;R;12.4 º (R);-4.2 º (F);1535.87;
1183;623.5;510 ms;2.8 G;canter;472 m/min;10 cm;4.02 m;R;9.4 º (R);-3.5 º (F);1355.78;
1184;624.05;550 ms;2.9 G;canter;511 m/min;14 cm;4.68 m;R;3.6 º (R);-3.3 º (F);1992.57;
1185;624.54;490 ms;3.4 G;canter;555 m/min;12 cm;4.53 m;R;1.2 º (R);-7.6 º (F);2027.43;
1186;625.08;540 ms;3.7 G;canter;595 m/min;15 cm;5.36 m;S;0.6 º (R);-6.9 º (F);2777.24;
1187;625.6;520 ms;3.4 G;canter;599 m/min;14 cm;5.2 m;R;1.9 º (R);-7.8 º (F);2496.53;
1188;626.16;560 ms;3.9 G;canter;589 m/min;15 cm;5.5 m;R;3 º (R);-4.9 º (F);3231.71;
1189;626.75;590 ms;3.1 G;canter;583 m/min;21 cm;5.73 m;S;1 º (R);-1.2 º (F);2258.36;
1190;627.23;480 ms;2.9 G;canter;594 m/min;13 cm;4.76 m;S;2.4 º (R);-2.6 º (F);2192.59;
1191;627.69;460 ms;2.5 G;canter;532 m/min;8 cm;4.08 m;S;3.7 º (R);0 º (F);1181.36;
1192;628.07;380 ms;2.4 G;canter;510 m/min;6 cm;3.23 m;R;7.3 º (R);-0.2 º (F);949.29;
1193;629.45;270 ms;2.9 G;canter;543 m/min;2 cm;2.44 m;R;9.4 º (R);-0.1 º (F);1318.7;
1194;629.94;490 ms;3.1 G;canter;497 m/min;5 cm;4.06 m;S;0.3 º (R);2.4 º (B);1437.16;
1195;630.44;500 ms;1.9 G;canter;531 m/min;8 cm;4.42 m;S;-1.1 º (L);-0.4 º (F);1466.54;
1196;630.91;470 ms;2.1 G;canter;554 m/min;9 cm;4.34 m;S;0.6 º (R);-2.4 º (F);1600.09;
1197;631.43;520 ms;2.6 G;canter;587 m/min;10 cm;5.09 m;S;-0.8 º (L);-2.8 º (F);1991.94;
1198;631.97;540 ms;2.6 G;canter;580 m/min;13 cm;5.22 m;S;-1.5 º (L);-0.9 º (F);2375.12;
1199;632.47;500 ms;2.5 G;canter;583 m/min;13 cm;4.86 m;S;-0.4 º (L);-1.8 º (F);2188.51;
1200;632.97;500 ms;2.8 G;canter;586 m/min;12 cm;4.88 m;L;-4.4 º (L);-4.3 º (F);2533.93;
1201;633.55;580 ms;3 G;canter;567 m/min;17 cm;5.48 m;L;-6.4 º (L);-0.2 º (F);2625.46;
1202;634.04;490 ms;2.4 G;canter;555 m/min;12 cm;4.53 m;L;-2.4 º (L);-1.2 º (F);1482.15;
1203;634.58;540 ms;2.9 G;canter;527 m/min;16 cm;4.74 m;L;-2.7 º (L);0.2 º (B);1937.67;
1204;635.11;530 ms;2.4 G;canter;511 m/min;15 cm;4.51 m;L;-3.9 º (L);-0.4 º (F);1500.25;
1205;635.68;570 ms;2.5 G;canter;487 m/min;18 cm;4.63 m;L;-5.1 º (L);1.6 º (B);2096.81;
1206;636.22;540 ms;3.1 G;canter;470 m/min;17 cm;4.23 m;L;-3.9 º (L);1.8 º (B);1573.63;
1207;636.77;550 ms;2.6 G;canter;457 m/min;15 cm;4.19 m;L;-3.4 º (L);3.2 º (B);2001.87;
1208;637.29;520 ms;2.6 G;canter;480 m/min;14 cm;4.16 m;S;-1.2 º (L);2.5 º (B);1582.73;
1209;637.77;480 ms;2 G;canter;489 m/min;8 cm;3.91 m;S;1.4 º (R);0.5 º (B);1129.5;
1210;638.3;530 ms;2.7 G;canter;496 m/min;6 cm;4.38 m;S;1.8 º (R);4.1 º (B);1375.62;
1211;638.63;330 ms;2.6 G;canter;494 m/min;6 cm;2.72 m;R;8.1 º (R);0 º (F);819.6;
1212;639.76;90 ms;5.7 G;canter;549 m/min;6 cm;0.82 m;R;5.1 º (R);-29.2 º (F);2423.43;
1213;640.53;770 ms;3.1 G;canter;569 m/min;13 cm;7.3 m;S;-3.2 º (L);-1 º (F);2813.34;
1214;641.07;540 ms;2.9 G;canter;508 m/min;16 cm;4.58 m;S;-4.4 º (L);3.7 º (B);2481.81;
1215;641.56;490 ms;2 G;canter;466 m/min;13 cm;3.81 m;L;-4.7 º (L);4.2 º (B);1361.83;
1216;642.1;540 ms;2.3 G;canter;448 m/min;11 cm;4.03 m;S;-3.5 º (L);2 º (B);1796.24;
1217;642.49;390 ms;2.3 G;canter;466 m/min;4 cm;3.03 m;L;-2 º (L);0.7 º (B);905.78;
1218;642.93;440 ms;2.9 G;canter;482 m/min;7 cm;3.54 m;S;3.8 º (R);2.3 º (B);1322.06;
1219;644.3;260 ms;2.6 G;canter;487 m/min;2 cm;2.11 m;R;2.1 º (R);0.5 º (B);1416.89;
1220;644.7;400 ms;3.1 G;canter;400 m/min;5 cm;2.67 m;R;7.3 º (R);3.9 º (B);1320.67;
1221;646.11;270 ms;1.5 G;canter;473 m/min;1 cm;2.13 m;S;4.2 º (R);1.1 º (B);1053.17;
1222;646.6;490 ms;2.1 G;canter;468 m/min;4 cm;3.83 m;R;11.8 º (R);4.5 º (B);1472.04;
1223;647.05;450 ms;1.9 G;canter;520 m/min;3 cm;3.9 m;R;13.5 º (R);1.1 º (B);829.36;
1224;647.56;510 ms;2.9 G;canter;463 m/min;6 cm;3.94 m;R;7.5 º (R);3.1 º (B);1424.97;
1225;648.06;500 ms;4 G;canter;503 m/min;9 cm;4.19 m;R;5.7 º (R);1.5 º (B);1606.1;
1226;648.58;520 ms;4.2 G;canter;544 m/min;10 cm;4.72 m;R;7.1 º (R);-0.1 º (F);1784.57;
1227;649.05;470 ms;4.2 G;canter;600 m/min;8 cm;4.7 m;R;7.2 º (R);-1.8 º (F);1956.95;
1228;649.65;600 ms;4.1 G;canter;618 m/min;10 cm;6.18 m;R;6.9 º (R);-2.5 º (F);2886.88;
1229;650.15;500 ms;2.7 G;canter;644 m/min;11 cm;5.37 m;R;5.1 º (R);-2.4 º (F);1756.3;
1230;650.7;550 ms;4 G;canter;653 m/min;6 cm;5.99 m;R;10.2 º (R);-3.2 º (F);3553.56;
1231;651.07;370 ms;3.7 G;canter;672 m/min;5 cm;4.15 m;R;9.4 º (R);-0.6 º (F);1121.96;
1232;651.6;530 ms;4.3 G;canter;626 m/min;10 cm;5.53 m;R;9 º (R);-1.6 º (F);2334.42;
1233;652.13;530 ms;3.4 G;canter;622 m/min;9 cm;5.5 m;R;5.9 º (R);-2.3 º (F);3063.77;
1234;652.62;490 ms;3.8 G;canter;623 m/min;10 cm;5.09 m;R;5.6 º (R);-2.3 º (F);2082;
1235;653.18;560 ms;4.9 G;canter;576 m/min;15 cm;5.38 m;R;5.9 º (R);-0.3 º (F);3019.29;
1236;653.66;480 ms;3.7 G;canter;592 m/min;11 cm;4.74 m;R;5.1 º (R);-0.9 º (F);1932.31;
1237;654.15;490 ms;4.5 G;canter;609 m/min;11 cm;4.97 m;R;6 º (R);-1.7 º (F);2314.76;
1238;654.69;540 ms;4.8 G;canter;598 m/min;15 cm;5.38 m;R;6.3 º (R);-0.7 º (F);2738.07;
1239;655.21;520 ms;5.3 G;canter;633 m/min;13 cm;5.48 m;R;6 º (R);-2.2 º (F);3086.82;
1240;655.74;530 ms;4.4 G;canter;585 m/min;10 cm;5.17 m;R;6.8 º (R);-2.3 º (F);2824.56;
1241;656.24;500 ms;4.4 G;canter;604 m/min;11 cm;5.03 m;R;7.1 º (R);-2.4 º (F);2786.85;
1242;656.83;590 ms;4.4 G;canter;560 m/min;16 cm;5.5 m;R;7.6 º (R);-0.1 º (F);4169.79;
1243;657.28;450 ms;3.1 G;canter;557 m/min;9 cm;4.18 m;R;4 º (R);-1.1 º (F);1785.01;
1244;657.81;530 ms;4.3 G;canter;522 m/min;15 cm;4.61 m;R;4.7 º (R);0.7 º (B);2876.98;
1245;658.36;550 ms;4 G;canter;558 m/min;18 cm;5.12 m;R;5.5 º (R);-1.2 º (F);2907.87;
1246;658.88;520 ms;3.1 G;canter;564 m/min;16 cm;4.88 m;S;3.3 º (R);-3.2 º (F);2811.84;
1247;659.4;520 ms;2.8 G;canter;537 m/min;16 cm;4.65 m;R;9.2 º (R);-2.5 º (F);2506.79;
1248;659.94;540 ms;2.7 G;canter;504 m/min;16 cm;4.53 m;R;11.9 º (R);-0.9 º (F);2638.24;
1249;660.51;570 ms;2.7 G;canter;453 m/min;18 cm;4.31 m;R;13.2 º (R);3.5 º (B);2242.37;
1250;661.05;540 ms;3.2 G;canter;434 m/min;17 cm;3.91 m;R;12.1 º (R);5.5 º (B);1815.8;
1251;661.57;520 ms;3.3 G;canter;442 m/min;13 cm;3.83 m;R;9.1 º (R);7.6 º (B);1718.9;
1252;662.07;500 ms;3.6 G;canter;420 m/min;7 cm;3.5 m;R;7.5 º (R);10.9 º (B);1393.55;
1253;662.46;390 ms;1.9 G;canter;390 m/min;7 cm;2.54 m;S;3.7 º (R);5.6 º (B);675.81;
1254;663.92;300 ms;2 G;canter;366 m/min;2 cm;1.83 m;L;-6 º (L);-8.2 º (F);474.86;
1255;664.44;520 ms;3.6 G;canter;337 m/min;13 cm;2.92 m;S;-0.2 º (L);-1.5 º (F);919.91;
1256;664.96;520 ms;3 G;canter;349 m/min;14 cm;3.02 m;S;4.6 º (R);3.1 º (B);1177.91;
1257;665.46;500 ms;2.3 G;canter;377 m/min;8 cm;3.14 m;R;4.9 º (R);3.7 º (B);845.13;
1258;665.84;380 ms;2.2 G;canter;390 m/min;8 cm;2.47 m;R;8.2 º (R);0.9 º (B);521.33;
1259;667.07;310 ms;2.3 G;canter;415 m/min;6 cm;2.15 m;R;9.1 º (R);-5.6 º (F);1252.04;
1260;667.62;550 ms;3.1 G;canter;434 m/min;6 cm;3.98 m;R;22.4 º (R);2.9 º (B);1638.49;
1261;668.11;490 ms;3.1 G;canter;521 m/min;6 cm;4.26 m;R;18.3 º (R);0.3 º (B);1214.15;
1262;668.57;460 ms;2.1 G;canter;566 m/min;5 cm;4.34 m;R;14.4 º (R);-2.4 º (F);1021.05;
1263;669.08;510 ms;3.2 G;canter;608 m/min;6 cm;5.17 m;R;15.2 º (R);-3.4 º (F);1793.79;
1264;669.58;500 ms;3.4 G;canter;634 m/min;9 cm;5.28 m;R;12.8 º (R);-1.8 º (F);1807.6;
1265;670.08;500 ms;4.3 G;canter;635 m/min;9 cm;5.29 m;R;10.8 º (R);-3 º (F);2059.75;
1266;670.61;530 ms;3.5 G;canter;630 m/min;10 cm;5.56 m;R;10.1 º (R);-1.8 º (F);2496.88;
1267;671.15;540 ms;3.5 G;canter;607 m/min;10 cm;5.46 m;R;10.1 º (R);0 º (F);2686.74;
1268;671.65;500 ms;3.9 G;canter;618 m/min;10 cm;5.15 m;R;9.7 º (R);-0.4 º (F);1862.97;
1269;672.16;510 ms;4.4 G;canter;610 m/min;8 cm;5.18 m;R;10.3 º (R);0.8 º (B);2718.81;
1270;672.66;500 ms;3.4 G;canter;614 m/min;9 cm;5.12 m;R;7.8 º (R);-1.5 º (F);2026.14;
1271;673.18;520 ms;4.3 G;canter;623 m/min;12 cm;5.4 m;R;6.7 º (R);0.2 º (B);2779.31;
1272;673.7;520 ms;4 G;canter;616 m/min;14 cm;5.34 m;R;7.4 º (R);-1.3 º (F);2347.14;
1273;674.22;520 ms;4 G;canter;635 m/min;14 cm;5.5 m;R;8.2 º (R);-2.2 º (F);2708.52;
1274;674.75;530 ms;3.8 G;canter;610 m/min;14 cm;5.39 m;R;7.2 º (R);-1 º (F);2581;
1275;675.28;530 ms;3.8 G;canter;593 m/min;15 cm;5.24 m;R;4.8 º (R);-1.3 º (F);2498.01;
1276;675.81;530 ms;4.3 G;canter;548 m/min;15 cm;4.84 m;R;10 º (R);4.5 º (B);2678.12;
1277;676.33;520 ms;3.4 G;canter;524 m/min;11 cm;4.55 m;R;5.6 º (R);3.8 º (B);1885.63;
1278;676.88;550 ms;4 G;canter;524 m/min;18 cm;4.8 m;R;5.9 º (R);2.4 º (B);2296.45;
1279;677.44;560 ms;2.9 G;canter;504 m/min;21 cm;4.7 m;S;2.1 º (R);-1.5 º (F);2605.16;
1280;677.94;500 ms;2.3 G;canter;452 m/min;14 cm;3.77 m;S;-1.7 º (L);-0.3 º (F);1861.2;
1281;678.48;540 ms;2.2 G;canter;425 m/min;13 cm;3.82 m;S;-0.7 º (L);-0.5 º (F);1662.45;
1282;678.89;410 ms;2.2 G;canter;435 m/min;7 cm;2.97 m;S;1.8 º (R);-1.9 º (F);735.16;
1283;679.33;440 ms;3.2 G;canter;454 m/min;10 cm;3.33 m;R;3.7 º (R);-4.2 º (F);1505.16;
1284;680.64;290 ms;3.9 G;canter;501 m/min;4 cm;2.42 m;R;8.7 º (R);-11.2 º (F);2088.47;
1285;681.26;620 ms;2.6 G;canter;475 m/min;7 cm;4.91 m;R;6.4 º (R);-0.6 º (F);1690.35;
1286;681.69;430 ms;1.6 G;canter;539 m/min;4 cm;3.87 m;R;9.6 º (R);-3.4 º (F);1005.19;
1287;682.07;380 ms;2.3 G;canter;546 m/min;5 cm;3.46 m;R;14.5 º (R);-1.8 º (F);1240.26;
1288;682.64;570 ms;3.4 G;canter;560 m/min;13 cm;5.32 m;R;12.9 º (R);1.6 º (B);2420.27;
1289;683.12;480 ms;3.1 G;canter;561 m/min;11 cm;4.49 m;R;13.7 º (R);1.2 º (B);1787.01;
1290;683.65;530 ms;2.5 G;canter;588 m/min;14 cm;5.2 m;R;11.6 º (R);2.7 º (B);2121.42;
1291;684.15;500 ms;2.4 G;canter;573 m/min;12 cm;4.77 m;R;11.7 º (R);1.1 º (B);1762.51;
1292;684.65;500 ms;3.1 G;canter;592 m/min;13 cm;4.93 m;R;10.1 º (R);0.1 º (B);2235.87;
1293;685.17;520 ms;2.8 G;canter;563 m/min;14 cm;4.88 m;S;3.8 º (R);1 º (B);2139.73;
1294;685.7;530 ms;2.9 G;canter;548 m/min;15 cm;4.84 m;S;3.1 º (R);1 º (B);2122.6;
1295;686.25;550 ms;2.6 G;canter;542 m/min;17 cm;4.97 m;S;5 º (R);0.6 º (B);2265.28;
1296;686.75;500 ms;2.8 G;canter;487 m/min;14 cm;4.05 m;S;3.7 º (R);1.4 º (B);2116.66;
1297;687.29;540 ms;3.7 G;canter;479 m/min;17 cm;4.31 m;S;0.6 º (R);0.9 º (B);2248.92;
1298;687.84;550 ms;3.2 G;canter;461 m/min;18 cm;4.22 m;S;1.6 º (R);0.5 º (B);2141.4;
1299;688.39;550 ms;2.7 G;canter;435 m/min;20 cm;3.99 m;S;1.3 º (R);-3.2 º (F);1573.28;
1300;688.92;530 ms;3.1 G;canter;421 m/min;16 cm;3.72 m;S;1.7 º (R);-1.6 º (F);1928.92;
1301;689.46;540 ms;3.1 G;canter;416 m/min;18 cm;3.75 m;S;2.1 º (R);-1.2 º (F);1571.44;
1302;689.99;530 ms;2.2 G;canter;394 m/min;17 cm;3.48 m;S;2.5 º (R);-1.2 º (F);1524.04;
1303;690.51;520 ms;2.1 G;canter;368 m/min;15 cm;3.19 m;S;3.2 º (R);0.4 º (B);1342.66;
1304;690.95;440 ms;3 G;canter;381 m/min;7 cm;2.79 m;R;4.8 º (R);-1 º (F);784.3;
1305;691.39;440 ms;2.4 G;canter;393 m/min;6 cm;2.88 m;R;5.8 º (R);-1.3 º (F);1286.76;
1306;692.75;300 ms;2.5 G;canter;310 m/min;3 cm;1.55 m;R;5 º (R);-1.2 º (F);714.2;
1307;693.24;490 ms;1.4 G;canter;262 m/min;6 cm;2.14 m;S;1.2 º (R);4.2 º (B);603.6;
1308;693.72;480 ms;1.6 G;canter;308 m/min;6 cm;2.46 m;S;3.7 º (R);4.1 º (B);914.35;
1309;694.17;450 ms;3.5 G;canter;386 m/min;7 cm;2.9 m;R;11.6 º (R);0.3 º (B);1459.16;
1310;695.14;40 ms;1.2 G;canter;443 m/min;1 cm;0.3 m;R;5.2 º (R);-10.4 º (F);107.72;
1311;695.83;690 ms;3.3 G;canter;377 m/min;16 cm;4.34 m;R;8.6 º (R);-0.1 º (F);2269.33;
1312;696.38;550 ms;1.9 G;canter;363 m/min;3 cm;3.33 m;R;7.1 º (R);10.2 º (B);2102.09;
1313;696.72;340 ms;2 G;canter;379 m/min;4 cm;2.15 m;S;-1.3 º (L);9.6 º (B);815.93;
1314;697.98;80 ms;2.5 G;canter;410 m/min;2 cm;0.55 m;R;11.9 º (R);-27.7 º (F);696.38;
1315;698.4;420 ms;2.1 G;canter;344 m/min;2 cm;2.41 m;S;3.3 º (R);-3.7 º (F);1000.88;
1316;698.82;420 ms;1 G;canter;330 m/min;6 cm;2.31 m;L;-2.5 º (L);-5.2 º (F);287.66;
1317;699.27;450 ms;1.8 G;canter;388 m/min;6 cm;2.91 m;S;1.7 º (R);-10.6 º (F);833.92;
1318;699.78;510 ms;3 G;canter;456 m/min;9 cm;3.88 m;S;4.5 º (R);-13.5 º (F);1341.12;
1319;700.2;420 ms;2.6 G;canter;533 m/min;10 cm;3.73 m;S;6.8 º (R);-11.5 º (F);1172.79;
1320;700.72;520 ms;4.6 G;canter;568 m/min;11 cm;4.92 m;S;7.5 º (R);-3.2 º (F);2902.97;
1321;701.17;450 ms;4.6 G;canter;629 m/min;9 cm;4.71 m;R;7.1 º (R);-5.4 º (F);2570.54;
1322;701.63;460 ms;4.8 G;canter;598 m/min;12 cm;4.58 m;S;1.6 º (R);-2 º (F);3472.95;
1323;702.3;670 ms;3.8 G;canter;551 m/min;18 cm;6.16 m;L;-10.1 º (L);3.9 º (B);2500.2;
1324;702.83;530 ms;2.8 G;canter;570 m/min;10 cm;5.04 m;S;4.2 º (R);-5.9 º (F);1757.55;
1325;703.22;390 ms;2.3 G;canter;546 m/min;5 cm;3.55 m;S;3.6 º (R);-7.6 º (F);1280.25;
1326;703.62;400 ms;2.9 G;canter;569 m/min;10 cm;3.8 m;L;-2.2 º (L);-7.8 º (F);3217.25;
1327;704.3;680 ms;2.7 G;canter;572 m/min;15 cm;6.49 m;S;3.6 º (R);-0.4 º (F);2768.16;
1328;704.71;410 ms;2.1 G;canter;615 m/min;7 cm;4.2 m;R;8 º (R);-4.1 º (F);888.41;
1329;705.2;490 ms;3.9 G;canter;632 m/min;10 cm;5.16 m;R;6.9 º (R);-10.1 º (F);2607.67;
1330;705.64;440 ms;2.7 G;canter;639 m/min;7 cm;4.69 m;S;2.6 º (R);-7.3 º (F);1558.64;
1331;706.16;520 ms;5 G;canter;654 m/min;6 cm;5.67 m;S;3 º (R);-1.7 º (F);4133.9;
1332;706.63;470 ms;2.8 G;canter;633 m/min;6 cm;4.96 m;S;6 º (R);3 º (B);2578.35;
1333;707.13;500 ms;2.9 G;canter;573 m/min;6 cm;4.77 m;S;2.5 º (R);2 º (B);2058.19;
1334;707.74;610 ms;2.3 G;canter;547 m/min;13 cm;5.56 m;S;1.1 º (R);-1.1 º (F);2009.97;
1335;708.22;480 ms;2.1 G;canter;568 m/min;7 cm;4.54 m;R;5.3 º (R);-6.7 º (F);1797.56;
1336;708.69;470 ms;2.7 G;canter;570 m/min;8 cm;4.46 m;R;7.3 º (R);-10.4 º (F);1584.46;
1337;709.25;560 ms;3.2 G;canter;543 m/min;11 cm;5.06 m;S;4.2 º (R);-7.8 º (F);2572.92;
1338;709.83;580 ms;3.9 G;canter;529 m/min;13 cm;5.11 m;S;3.8 º (R);-7 º (F);3040.27;
1339;710.28;450 ms;2.3 G;canter;523 m/min;9 cm;3.92 m;S;6.9 º (R);-6.4 º (F);1476.74;
1340;710.74;460 ms;4 G;canter;526 m/min;8 cm;4.03 m;S;4.4 º (R);-1.3 º (F);2771.95;
1341;711.19;450 ms;3.3 G;canter;541 m/min;7 cm;4.06 m;S;0.5 º (R);1.4 º (B);3351.23;
1342;711.87;680 ms;4.2 G;canter;563 m/min;15 cm;6.39 m;S;4.2 º (R);1.3 º (B);4341.3;
1343;712.33;460 ms;1.6 G;canter;598 m/min;6 cm;4.59 m;S;4.7 º (R);-5.7 º (F);954.03;
1344;712.68;350 ms;2.7 G;canter;609 m/min;4 cm;3.55 m;R;4.2 º (R);-9.4 º (F);1532.58;
1345;713.2;520 ms;5.3 G;canter;620 m/min;10 cm;5.37 m;S;-0.8 º (L);-8.1 º (F);3284.23;
1346;713.65;450 ms;3.1 G;canter;646 m/min;7 cm;4.84 m;S;-0.1 º (L);-5.6 º (F);2736.75;
1347;714.1;450 ms;5.6 G;canter;639 m/min;5 cm;4.79 m;S;2.3 º (R);1 º (B);3855.84;
1348;714.7;600 ms;3.1 G;canter;610 m/min;11 cm;6.1 m;S;8.5 º (R);4.1 º (B);4089.81;
1349;715.22;520 ms;2.6 G;canter;605 m/min;8 cm;5.24 m;R;13 º (R);5 º (B);2043.71;
1350;715.72;500 ms;3.7 G;canter;605 m/min;8 cm;5.04 m;R;15.4 º (R);-2.6 º (F);1801.6;
1351;716.1;380 ms;2.6 G;canter;601 m/min;4 cm;3.81 m;R;9.4 º (R);-5.7 º (F);1257.8;
1352;716.76;660 ms;3.7 G;canter;599 m/min;14 cm;6.59 m;R;5.5 º (R);-6.6 º (F);3230.92;
1353;717.14;380 ms;3 G;canter;644 m/min;5 cm;4.08 m;S;0.6 º (R);-11.7 º (F);1422.35;
1354;717.64;500 ms;5.3 G;canter;659 m/min;9 cm;5.5 m;R;3.7 º (R);-6.2 º (F);2958.01;
1355;718.17;530 ms;4 G;canter;715 m/min;12 cm;6.31 m;R;5.1 º (R);-2.8 º (F);3897.83;
1356;718.66;490 ms;5.4 G;canter;706 m/min;10 cm;5.76 m;R;6.3 º (R);-0.5 º (F);3962.21;
1357;719.15;490 ms;5.3 G;canter;690 m/min;11 cm;5.63 m;R;4.9 º (R);1.1 º (B);4003.3;
1358;719.65;500 ms;4.6 G;canter;660 m/min;13 cm;5.5 m;R;4.4 º (R);-1.5 º (F);3776.37;
1359;720.19;540 ms;3.8 G;canter;645 m/min;15 cm;5.81 m;S;1.4 º (R);0.7 º (B);3069.38;
1360;720.68;490 ms;3.1 G;canter;660 m/min;14 cm;5.39 m;L;-7.7 º (L);-6.2 º (F);2860.37;
1361;721.2;520 ms;5.5 G;canter;556 m/min;13 cm;4.82 m;L;-10.9 º (L);-1.3 º (F);3108.79;
1362;721.77;570 ms;3.6 G;canter;566 m/min;13 cm;5.38 m;S;-0.7 º (L);-3.8 º (F);2753.74;
1363;722.21;440 ms;2.4 G;canter;567 m/min;7 cm;4.16 m;S;3 º (R);-4.4 º (F);1633.9;
1364;722.72;510 ms;2.9 G;canter;545 m/min;9 cm;4.63 m;S;4.3 º (R);-4.1 º (F);2028.2;
1365;723.22;500 ms;2.5 G;canter;528 m/min;9 cm;4.4 m;R;5.5 º (R);-3.5 º (F);1509.46;
1366;723.71;490 ms;2.8 G;canter;564 m/min;11 cm;4.6 m;S;4.9 º (R);-6.3 º (F);2220.42;
1367;724.25;540 ms;3.1 G;canter;572 m/min;14 cm;5.15 m;S;1.9 º (R);-6.7 º (F);2258.2;
1368;724.8;550 ms;2.9 G;canter;562 m/min;15 cm;5.15 m;S;2.8 º (R);-6.9 º (F);2006.81;
1369;725.33;530 ms;3.1 G;canter;542 m/min;11 cm;4.79 m;S;3.1 º (R);-6.4 º (F);2125.34;
1370;725.75;420 ms;2.8 G;canter;571 m/min;8 cm;4 m;S;4.6 º (R);-7.5 º (F);1531.69;
1371;726.3;550 ms;2.8 G;canter;582 m/min;12 cm;5.33 m;S;1.7 º (R);-6.7 º (F);2244.03;
1372;726.79;490 ms;4.2 G;canter;612 m/min;12 cm;5 m;S;4.3 º (R);-5.5 º (F);2465.85;
1373;727.31;520 ms;3.7 G;canter;599 m/min;14 cm;5.19 m;S;4.5 º (R);-0.7 º (F);2705.15;
1374;727.84;530 ms;2.6 G;canter;550 m/min;16 cm;4.86 m;S;4.8 º (R);1.7 º (B);2036.37;
1375;728.39;550 ms;3.2 G;canter;517 m/min;17 cm;4.74 m;R;7.8 º (R);-0.3 º (F);1669.76;
1376;728.93;540 ms;3.3 G;canter;530 m/min;16 cm;4.77 m;R;6.8 º (R);-4.7 º (F);1603.67;
1377;729.42;490 ms;3.8 G;canter;510 m/min;14 cm;4.16 m;R;2.8 º (R);-8 º (F);2096.97;
1378;729.95;530 ms;4.1 G;canter;467 m/min;18 cm;4.13 m;S;3.9 º (R);-0.6 º (F);2536.9;
1379;730.47;520 ms;5 G;canter;435 m/min;16 cm;3.77 m;R;3.3 º (R);0.1 º (B);2147.47;
1380;731.04;570 ms;3.3 G;canter;403 m/min;17 cm;3.83 m;S;2 º (R);4.7 º (B);2353.04;
1381;731.47;430 ms;3.3 G;canter;397 m/min;9 cm;2.85 m;L;-3.4 º (L);1.9 º (B);1924.63;
1382;731.96;490 ms;3.2 G;canter;402 m/min;7 cm;3.29 m;S;6.5 º (R);2 º (B);2642.1;
1383;732.68;720 ms;3.2 G;canter;426 m/min;16 cm;5.11 m;R;7.6 º (R);1.5 º (B);3599.59;
1384;733.08;400 ms;1.9 G;canter;392 m/min;6 cm;2.62 m;R;2.2 º (R);2.7 º (B);699.96;
1385;733.49;410 ms;4.1 G;canter;425 m/min;4 cm;2.91 m;R;4.7 º (R);-3.9 º (F);1462.77;
1386;733.88;390 ms;2.7 G;canter;486 m/min;5 cm;3.16 m;R;10.5 º (R);-2.5 º (F);1390.64;
1387;735.25;280 ms;1.9 G;canter;447 m/min;3 cm;2.09 m;R;6.6 º (R);-1.9 º (F);916.61;
1388;735.76;510 ms;2.5 G;canter;377 m/min;6 cm;3.2 m;S;-1.2 º (L);0.6 º (B);1490.46;
1389;736.25;490 ms;2.4 G;canter;374 m/min;9 cm;3.05 m;S;0.3 º (R);3.2 º (B);1571.82;
1390;736.75;500 ms;3.2 G;canter;384 m/min;10 cm;3.2 m;R;5.4 º (R);4.1 º (B);1875.23;
1391;737.2;450 ms;4.4 G;canter;402 m/min;11 cm;3.01 m;R;7.9 º (R);1.5 º (B);1947.95;
1392;738.54;340 ms;3.1 G;canter;394 m/min;7 cm;2.24 m;L;-3.4 º (L);-11.7 º (F);750.37;
1393;739.01;470 ms;2.5 G;canter;365 m/min;10 cm;2.86 m;S;-0.2 º (L);-7.4 º (F);1085.57;
1394;739.65;640 ms;5.2 G;canter;360 m/min;23 cm;3.84 m;S;-0.9 º (L);3.5 º (B);2776.91;
1395;740.2;550 ms;2.5 G;canter;381 m/min;16 cm;3.49 m;S;4.4 º (R);2.2 º (B);1586.22;
1396;740.71;510 ms;2.2 G;canter;391 m/min;13 cm;3.32 m;S;1.8 º (R);-0.4 º (F);947.21;
1397;741.2;490 ms;2.2 G;canter;381 m/min;9 cm;3.11 m;S;0 º (R);0.3 º (B);873.78;
1398;741.68;480 ms;2.7 G;canter;388 m/min;6 cm;3.11 m;R;3 º (R);-2.1 º (F);1506.98;
1399;742.79;10 ms;-0.2 G;canter;496 m/min;0 cm;0.08 m;R;9.1 º (R);-29.9 º (F);0;
1400;743.16;370 ms;2.5 G;canter;441 m/min;6 cm;2.72 m;S;4.7 º (R);-3.2 º (F);1462.41;
1401;743.61;450 ms;2.7 G;canter;400 m/min;10 cm;3 m;S;-2 º (L);-0.4 º (F);883.02;
1402;744.2;590 ms;2.6 G;canter;385 m/min;18 cm;3.79 m;S;0.6 º (R);1.6 º (B);1373.81;
1403;744.77;570 ms;2.7 G;canter;384 m/min;7 cm;3.65 m;S;5.7 º (R);9.4 º (B);2644.78;
1404;745.15;380 ms;1.9 G;canter;358 m/min;10 cm;2.27 m;R;13.3 º (R);10.2 º (B);1218.5;
1405;746.28;160 ms;3.9 G;canter;331 m/min;11 cm;0.88 m;S;0.8 º (R);-29.3 º (F);1483.97;
1406;747.01;730 ms;2.5 G;canter;390 m/min;8 cm;4.75 m;R;9.9 º (R);4.9 º (B);2116.15;
1407;747.49;480 ms;3 G;canter;488 m/min;4 cm;3.91 m;R;14.5 º (R);1.9 º (B);1309.02;
1408;747.97;480 ms;3.4 G;canter;529 m/min;6 cm;4.23 m;R;11.1 º (R);3.3 º (B);1365.74;
1409;748.46;490 ms;3 G;canter;553 m/min;6 cm;4.52 m;R;12.9 º (R);1.5 º (B);1553.82;
1410;748.97;510 ms;2.7 G;canter;585 m/min;8 cm;4.97 m;R;13.6 º (R);2.5 º (B);1892.07;
1411;749.5;530 ms;3.4 G;canter;597 m/min;8 cm;5.27 m;R;12.3 º (R);1.3 º (B);2144.48;
1412;750.01;510 ms;3.2 G;canter;626 m/min;8 cm;5.32 m;R;13.2 º (R);1.6 º (B);1790.47;
1413;750.48;470 ms;3.1 G;canter;600 m/min;5 cm;4.7 m;R;8.6 º (R);3.8 º (B);1407.23;
1414;751;520 ms;3.7 G;canter;556 m/min;9 cm;4.82 m;R;5.6 º (R);2.8 º (B);2122.11;
1415;751.52;520 ms;4.2 G;canter;567 m/min;9 cm;4.92 m;R;5.6 º (R);2.6 º (B);2237.06;
1416;752.02;500 ms;3.6 G;canter;587 m/min;8 cm;4.89 m;R;6.3 º (R);2.1 º (B);1811.96;
1417;752.53;510 ms;4 G;canter;586 m/min;8 cm;4.99 m;R;7.9 º (R);2.5 º (B);2130.81;
1418;753.02;490 ms;3.9 G;canter;583 m/min;8 cm;4.76 m;R;5.5 º (R);0.6 º (B);2033.81;
1419;753.53;510 ms;3.1 G;canter;573 m/min;8 cm;4.87 m;R;5.7 º (R);2.2 º (B);2239.29;
1420;754.06;530 ms;3.7 G;canter;602 m/min;8 cm;5.32 m;R;5.9 º (R);0.7 º (B);2178.61;
1421;754.57;510 ms;4.8 G;canter;618 m/min;8 cm;5.25 m;R;8 º (R);3.2 º (B);3136.54;
1422;755.05;480 ms;3.1 G;canter;642 m/min;7 cm;5.14 m;R;8 º (R);0.6 º (B);2366.66;
1423;755.57;520 ms;4 G;canter;640 m/min;8 cm;5.55 m;R;8.5 º (R);1.4 º (B);3164.01;
1424;756.03;460 ms;4.2 G;canter;627 m/min;7 cm;4.81 m;R;7.4 º (R);0.8 º (B);2452.56;
1425;756.53;500 ms;3.2 G;canter;661 m/min;9 cm;5.51 m;R;9.6 º (R);1.8 º (B);2984.24;
1426;757.09;560 ms;3.7 G;canter;688 m/min;10 cm;6.43 m;R;9.9 º (R);0 º (F);3464.08;
1427;757.55;460 ms;4.3 G;canter;684 m/min;7 cm;5.24 m;R;6.1 º (R);-3 º (F);2429.26;
1428;758.07;520 ms;4.2 G;canter;658 m/min;8 cm;5.71 m;R;5.9 º (R);-1.5 º (F);2750.83;
1429;758.56;490 ms;4.4 G;canter;646 m/min;10 cm;5.28 m;R;6.5 º (R);-0.6 º (F);2472.06;
1430;759.06;500 ms;3.6 G;canter;630 m/min;10 cm;5.25 m;R;5.2 º (R);-0.7 º (F);2609.34;
1431;759.57;510 ms;3.8 G;canter;618 m/min;10 cm;5.26 m;R;4.3 º (R);-0.8 º (F);2423.91;
1432;760.1;530 ms;3.8 G;canter;608 m/min;8 cm;5.37 m;R;5.2 º (R);0.4 º (B);2899.33;
1433;760.61;510 ms;3.3 G;canter;600 m/min;9 cm;5.1 m;R;3.7 º (R);2 º (B);2434.89;
1434;761.09;480 ms;3.7 G;canter;594 m/min;6 cm;4.75 m;R;4 º (R);-0.7 º (F);2305.21;
1435;761.67;580 ms;4.8 G;canter;626 m/min;13 cm;6.05 m;R;6.3 º (R);1.9 º (B);3134.85;
1436;762.12;450 ms;3.1 G;canter;665 m/min;7 cm;4.99 m;R;8.8 º (R);-2 º (F);1996.32;
1437;762.62;500 ms;3.1 G;canter;660 m/min;8 cm;5.5 m;R;13.5 º (R);0.4 º (B);2637.14;
1438;763.13;510 ms;3.5 G;canter;674 m/min;8 cm;5.73 m;R;15.2 º (R);2 º (B);2852.34;
1439;763.63;500 ms;3.8 G;canter;687 m/min;8 cm;5.72 m;R;14.5 º (R);1.7 º (B);2651.55;
1440;764.15;520 ms;3.1 G;canter;717 m/min;8 cm;6.21 m;R;16.4 º (R);2.2 º (B);2622.19;
1441;764.63;480 ms;4.6 G;canter;740 m/min;6 cm;5.92 m;R;15.9 º (R);3.4 º (B);3477.75;
1442;765.15;520 ms;3.4 G;canter;720 m/min;8 cm;6.24 m;R;13.9 º (R);6.1 º (B);3238.52;
1443;765.66;510 ms;4.9 G;canter;700 m/min;8 cm;5.95 m;R;11.5 º (R);5.6 º (B);2929.42;
1444;766.16;500 ms;3.8 G;canter;681 m/min;8 cm;5.68 m;R;8.9 º (R);4.5 º (B);2883.23;
1445;766.65;490 ms;3.8 G;canter;680 m/min;7 cm;5.55 m;R;8.9 º (R);3.8 º (B);2596.63;
1446;767.18;530 ms;4.2 G;canter;683 m/min;9 cm;6.04 m;R;9.9 º (R);3.7 º (B);2902.37;
1447;767.66;480 ms;3.9 G;canter;588 m/min;8 cm;4.7 m;R;5.3 º (R);4.2 º (B);1892.97;
1448;768.13;470 ms;3.9 G;canter;602 m/min;7 cm;4.71 m;R;7.1 º (R);4 º (B);2434.23;
1449;768.72;590 ms;4.5 G;canter;664 m/min;9 cm;6.53 m;R;10.5 º (R);1.9 º (B);2934.91;
1450;769.17;450 ms;4.9 G;canter;747 m/min;9 cm;5.6 m;R;9.9 º (R);-1.5 º (F);2395.71;
1451;769.68;510 ms;3.4 G;canter;715 m/min;8 cm;6.08 m;R;11 º (R);1.1 º (B);2830.32;
1452;770.21;530 ms;4 G;canter;695 m/min;8 cm;6.14 m;R;12 º (R);1.6 º (B);3205.67;
1453;770.7;490 ms;4.8 G;canter;697 m/min;10 cm;5.69 m;R;11.8 º (R);3.4 º (B);2087.89;
1454;771.17;470 ms;3.7 G;canter;706 m/min;7 cm;5.53 m;R;12 º (R);2.7 º (B);2268.66;
1455;771.69;520 ms;3.7 G;canter;679 m/min;8 cm;5.88 m;R;10.7 º (R);3.3 º (B);2605.74;
1456;772.22;530 ms;3.6 G;canter;691 m/min;10 cm;6.11 m;R;8.9 º (R);3.4 º (B);2799.24;
1457;772.71;490 ms;4 G;canter;665 m/min;8 cm;5.43 m;R;8.1 º (R);3.2 º (B);2797.72;
1458;773.24;530 ms;4 G;canter;625 m/min;9 cm;5.52 m;R;7 º (R);3.4 º (B);2363.15;
1459;773.64;400 ms;3.4 G;canter;635 m/min;5 cm;4.24 m;R;5.7 º (R);-1.3 º (F);1735.52;
1460;774.18;540 ms;3.7 G;canter;673 m/min;6 cm;6.05 m;R;8.2 º (R);1.2 º (B);2653.31;
1461;774.7;520 ms;3.9 G;canter;691 m/min;9 cm;5.98 m;R;9.5 º (R);1.2 º (B);2754.61;
1462;775.2;500 ms;3.7 G;canter;711 m/min;9 cm;5.93 m;R;9.2 º (R);-0.8 º (F);2851.81;
1463;775.7;500 ms;3.9 G;canter;698 m/min;9 cm;5.82 m;R;8.3 º (R);0.6 º (B);3016.63;
1464;776.21;510 ms;3.3 G;canter;697 m/min;8 cm;5.93 m;R;8.3 º (R);-0.2 º (F);2953.26;
1465;776.73;520 ms;4.4 G;canter;688 m/min;10 cm;5.96 m;R;6.6 º (R);0 º (F);3095.45;
1466;777.21;480 ms;3.8 G;canter;698 m/min;9 cm;5.59 m;R;6.5 º (R);-0.6 º (F);2888.39;
1467;777.73;520 ms;3.7 G;canter;692 m/min;13 cm;6 m;R;8.5 º (R);0.8 º (B);3271.03;
1468;778.28;550 ms;3.9 G;canter;672 m/min;15 cm;6.16 m;R;9.2 º (R);2 º (B);3152.17;
1469;778.78;500 ms;3.9 G;canter;647 m/min;9 cm;5.39 m;R;9.7 º (R);2.3 º (B);2530.39;
1470;779.3;520 ms;3 G;canter;641 m/min;11 cm;5.55 m;R;8.8 º (R);3 º (B);2707.07;
1471;779.83;530 ms;3.4 G;canter;637 m/min;12 cm;5.63 m;R;10.7 º (R);3.1 º (B);2681.75;
1472;780.36;530 ms;3.1 G;canter;632 m/min;14 cm;5.58 m;R;11.5 º (R);5 º (B);2616.11;
1473;780.89;530 ms;4.4 G;canter;615 m/min;16 cm;5.43 m;S;4.8 º (R);5.4 º (B);2266.65;
1474;781.44;550 ms;3.3 G;canter;564 m/min;15 cm;5.17 m;R;4.7 º (R);7 º (B);2141.33;
1475;782.01;570 ms;3.7 G;canter;519 m/min;15 cm;4.94 m;R;4 º (R);8.8 º (B);1978.42;
1476;782.5;490 ms;3.6 G;canter;471 m/min;9 cm;3.85 m;R;1.7 º (R);8.3 º (B);1266.41;
1477;783.13;630 ms;2.9 G;canter;461 m/min;8 cm;4.84 m;R;3.1 º (R);10 º (B);2710.65;
1478;784.7;270 ms;2 G;canter;490 m/min;2 cm;2.2 m;R;4.9 º (R);-2.5 º (F);1194.83;
1479;785.22;520 ms;2.2 G;canter;489 m/min;6 cm;4.24 m;R;4.8 º (R);3.2 º (B);1437.54;
1480;785.73;510 ms;2.7 G;canter;501 m/min;7 cm;4.26 m;R;2.9 º (R);2.2 º (B);1839.2;
1481;786.24;510 ms;2 G;canter;516 m/min;10 cm;4.38 m;S;5.5 º (R);0 º (F);2063.42;
1482;786.71;470 ms;2.9 G;canter;499 m/min;8 cm;3.91 m;S;3 º (R);-0.2 º (F);1321.94;
1483;787.24;530 ms;3.1 G;canter;504 m/min;12 cm;4.46 m;S;0.1 º (R);-0.5 º (F);2310.23;
1484;787.79;550 ms;3.1 G;canter;502 m/min;16 cm;4.6 m;S;0.1 º (R);-0.5 º (F);2325.66;
1485;788.29;500 ms;3.1 G;canter;541 m/min;13 cm;4.51 m;S;4 º (R);-4.4 º (F);2082.01;
1486;788.83;540 ms;4 G;canter;571 m/min;14 cm;5.14 m;S;6.9 º (R);-6.1 º (F);2790.02;
1487;789.37;540 ms;3 G;canter;586 m/min;17 cm;5.27 m;R;9.5 º (R);-5.1 º (F);2353.57;
1488;789.87;500 ms;3.1 G;canter;531 m/min;15 cm;4.43 m;S;4.5 º (R);-2.7 º (F);2084.01;
1489;790.41;540 ms;3 G;canter;488 m/min;15 cm;4.39 m;S;4.5 º (R);-1.5 º (F);1817.94;
1490;790.93;520 ms;3 G;canter;459 m/min;10 cm;3.98 m;S;3.8 º (R);2.3 º (B);1927.3;
1491;791.4;470 ms;2.2 G;canter;453 m/min;5 cm;3.55 m;R;2.4 º (R);0.7 º (B);1294.87;
1492;791.84;440 ms;2.4 G;canter;473 m/min;6 cm;3.47 m;R;3 º (R);0.2 º (B);1057.29;
1493;792.29;450 ms;3.7 G;canter;483 m/min;10 cm;3.63 m;R;7.8 º (R);-1.5 º (F);1535.34;
1494;793.63;290 ms;3.5 G;canter;482 m/min;3 cm;2.33 m;R;6.9 º (R);-9.6 º (F);1009.19;
1495;794.17;540 ms;2.6 G;canter;399 m/min;6 cm;3.59 m;S;-0.3 º (L);-1.7 º (F);1587.86;
1496;794.49;320 ms;1.4 G;canter;435 m/min;5 cm;2.32 m;R;7.2 º (R);-5.4 º (F);483.79;
1497;795.58;10 ms;-0.6 G;canter;506 m/min;0 cm;0.08 m;R;12.4 º (R);-26.5 º (F);0;
1498;795.9;320 ms;2.4 G;canter;500 m/min;3 cm;2.67 m;R;8.1 º (R);-2.7 º (F);1571.77;
1499;796.41;510 ms;2.2 G;canter;500 m/min;8 cm;4.25 m;S;5.8 º (R);-1.2 º (F);1472.48;
1500;796.87;460 ms;1.7 G;canter;514 m/min;6 cm;3.94 m;S;-0.2 º (L);-6.1 º (F);1747.94;
1501;797.38;510 ms;2.2 G;canter;552 m/min;8 cm;4.7 m;S;5.3 º (R);-5 º (F);1629.79;
1502;797.81;430 ms;2.4 G;canter;645 m/min;5 cm;4.62 m;S;4.9 º (R);-7.3 º (F);1771.36;
1503;798.32;510 ms;2.8 G;canter;633 m/min;8 cm;5.38 m;S;4.4 º (R);-6.2 º (F);2525.67;
1504;798.84;520 ms;2.9 G;canter;601 m/min;9 cm;5.21 m;S;6 º (R);-5.6 º (F);2324.77;
1505;799.32;480 ms;2.2 G;canter;588 m/min;8 cm;4.7 m;R;6.1 º (R);-4.2 º (F);1951.51;
1506;799.83;510 ms;3.2 G;canter;647 m/min;8 cm;5.5 m;R;7 º (R);-5.5 º (F);2652.05;
1507;800.35;520 ms;2 G;canter;700 m/min;9 cm;6.06 m;R;10.1 º (R);-6.5 º (F);2490;
1508;800.81;460 ms;1.9 G;canter;767 m/min;7 cm;5.88 m;R;13.5 º (R);-7.7 º (F);1946.98;
1509;801.35;540 ms;4.8 G;canter;759 m/min;12 cm;6.83 m;R;11.7 º (R);-5.7 º (F);3879.34;
1510;801.82;470 ms;3.9 G;canter;742 m/min;7 cm;5.82 m;R;9.8 º (R);-7 º (F);2668.1;
1511;802.28;460 ms;3.6 G;canter;728 m/min;7 cm;5.58 m;S;7.6 º (R);-7.1 º (F);1956.26;
1512;802.82;540 ms;5.2 G;canter;746 m/min;12 cm;6.71 m;S;6.4 º (R);-4.7 º (F);4029.23;
1513;803.32;500 ms;3.2 G;canter;723 m/min;8 cm;6.03 m;S;5.6 º (R);-5.1 º (F);2178.55;
1514;803.87;550 ms;3.2 G;canter;682 m/min;10 cm;6.26 m;S;3.8 º (R);-5.4 º (F);3135.95;
1515;804.34;470 ms;2.8 G;canter;664 m/min;9 cm;5.2 m;S;3.5 º (R);-4.3 º (F);2207.51;
1516;804.86;520 ms;3.1 G;canter;645 m/min;13 cm;5.59 m;S;1.3 º (R);-2.6 º (F);2813.74;
1517;805.44;580 ms;3 G;canter;658 m/min;16 cm;6.36 m;S;4.1 º (R);-2.1 º (F);3245.32;
1518;805.88;440 ms;2.7 G;canter;649 m/min;6 cm;4.76 m;R;7.8 º (R);-6.2 º (F);1570.78;
1519;806.39;510 ms;3.7 G;canter;651 m/min;10 cm;5.53 m;R;9.7 º (R);-3.3 º (F);2350.9;
1520;806.9;510 ms;4.1 G;canter;670 m/min;10 cm;5.69 m;R;9.8 º (R);-2.1 º (F);2938.77;
1521;807.41;510 ms;4.1 G;canter;658 m/min;10 cm;5.59 m;R;9.3 º (R);-2.7 º (F);2944.59;
1522;807.94;530 ms;4 G;canter;652 m/min;12 cm;5.76 m;R;11.3 º (R);1 º (B);3018.42;
1523;808.45;510 ms;3.3 G;canter;673 m/min;13 cm;5.72 m;R;13.7 º (R);1.9 º (B);2954.45;
1524;808.94;490 ms;2.9 G;canter;686 m/min;8 cm;5.6 m;R;16.9 º (R);4 º (B);2445.71;
1525;809.46;520 ms;3.8 G;canter;672 m/min;10 cm;5.82 m;R;16 º (R);8.4 º (B);2768.68;
1526;809.94;480 ms;3.7 G;canter;625 m/min;8 cm;5 m;R;17.8 º (R);10.7 º (B);1975.01;
1527;810.47;530 ms;2.6 G;canter;617 m/min;10 cm;5.45 m;R;16 º (R);12.3 º (B);2163.85;
1528;811.01;540 ms;3.6 G;canter;597 m/min;10 cm;5.37 m;R;12.9 º (R);12.3 º (B);1969.87;
1529;811.54;530 ms;3.5 G;canter;583 m/min;10 cm;5.15 m;R;7.2 º (R);10.7 º (B);2132.71;
1530;811.98;440 ms;4 G;canter;564 m/min;7 cm;4.14 m;R;2.3 º (R);6.2 º (B);1713.07;
1531;812.56;580 ms;3.5 G;canter;548 m/min;10 cm;5.3 m;R;3.3 º (R);6.4 º (B);2122.66;
1532;813.07;510 ms;3.9 G;canter;550 m/min;10 cm;4.67 m;R;3.1 º (R);4.3 º (B);1757.04;
1533;813.61;540 ms;3.4 G;canter;562 m/min;14 cm;5.06 m;R;2.7 º (R);0.6 º (B);2411.34;
1534;814.07;460 ms;3.3 G;canter;555 m/min;6 cm;4.25 m;R;3.5 º (R);-3.2 º (F);1683.48;
1535;814.63;560 ms;4 G;canter;530 m/min;15 cm;4.95 m;R;3.4 º (R);0.7 º (B);2880.99;
1536;815.19;560 ms;3.1 G;canter;536 m/min;16 cm;5.01 m;R;5.2 º (R);1.2 º (B);2779.86;
1537;815.71;520 ms;3.3 G;canter;507 m/min;14 cm;4.39 m;S;3.6 º (R);1.9 º (B);1686.64;
1538;816.26;550 ms;5.3 G;canter;462 m/min;18 cm;4.24 m;S;0.9 º (R);-0.2 º (F);2548.31;
1539;816.79;530 ms;3.2 G;canter;457 m/min;9 cm;4.04 m;S;4.8 º (R);1.3 º (B);1409.19;
1540;817.24;450 ms;2.2 G;canter;460 m/min;7 cm;3.45 m;R;8.1 º (R);3.5 º (B);1090.44;
1541;817.65;410 ms;1.9 G;canter;490 m/min;9 cm;3.35 m;R;9.8 º (R);0.1 º (B);861.85;
1542;818.97;270 ms;2.1 G;canter;443 m/min;1 cm;2 m;S;-1.7 º (L);-3.1 º (F);946.05;
1543;819.47;500 ms;3 G;canter;475 m/min;6 cm;3.96 m;R;18.8 º (R);1.9 º (B);1465.29;
1544;819.98;510 ms;2.3 G;canter;576 m/min;7 cm;4.89 m;R;18.4 º (R);7.8 º (B);1250.66;
1545;820.48;500 ms;2.7 G;canter;594 m/min;8 cm;4.95 m;R;15.7 º (R);6.4 º (B);1373.3;
1546;821.01;530 ms;2.8 G;canter;588 m/min;8 cm;5.2 m;R;12 º (R);6.9 º (B);1954.27;
1547;821.54;530 ms;2.7 G;canter;587 m/min;8 cm;5.18 m;R;9.6 º (R);6.6 º (B);1992.84;
1548;822.04;500 ms;3.5 G;canter;563 m/min;9 cm;4.69 m;R;6.3 º (R);6 º (B);1978.2;
1549;822.56;520 ms;3.5 G;canter;530 m/min;10 cm;4.59 m;R;6.4 º (R);5.5 º (B);1842.52;
1550;823.09;530 ms;3.9 G;canter;567 m/min;11 cm;5.01 m;R;7.7 º (R);4.8 º (B);2296.86;
1551;823.64;550 ms;3.2 G;canter;575 m/min;12 cm;5.27 m;R;7.3 º (R);4.3 º (B);2294.5;
1552;824.14;500 ms;3.7 G;canter;547 m/min;10 cm;4.56 m;R;4.3 º (R);1.6 º (B);2041.78;
1553;824.69;550 ms;3.8 G;canter;547 m/min;16 cm;5.01 m;R;3.5 º (R);1.2 º (B);2651.59;
1554;825.23;540 ms;3 G;canter;535 m/min;12 cm;4.82 m;R;4.3 º (R);1.1 º (B);2303.2;
1555;825.77;540 ms;3.3 G;canter;543 m/min;13 cm;4.89 m;R;7.8 º (R);-0.5 º (F);2405.05;
1556;826.29;520 ms;3.7 G;canter;560 m/min;13 cm;4.85 m;R;12.1 º (R);1.6 º (B);2349.36;
1557;826.87;580 ms;3.4 G;canter;529 m/min;15 cm;5.12 m;R;12.1 º (R);4.9 º (B);2458.8;
1558;827.41;540 ms;3.5 G;canter;499 m/min;16 cm;4.49 m;R;7.8 º (R);7.8 º (B);1710.4;
1559;827.95;540 ms;3 G;canter;490 m/min;16 cm;4.41 m;R;12.4 º (R);8.7 º (B);1839.15;
1560;828.42;470 ms;3.2 G;canter;502 m/min;8 cm;3.94 m;R;14.1 º (R);8.9 º (B);1374.37;
1561;828.95;530 ms;2.7 G;canter;499 m/min;7 cm;4.41 m;R;11.6 º (R);12.1 º (B);1186.41;
1562;829.43;480 ms;2.7 G;canter;463 m/min;5 cm;3.7 m;R;10.3 º (R);13 º (B);1258.49;
1563;829.78;350 ms;2.4 G;canter;465 m/min;5 cm;2.71 m;R;11 º (R);9.8 º (B);778.21;
1564;830.93;10 ms;1.8 G;canter;510 m/min;0 cm;0.08 m;R;7.7 º (R);-22.6 º (F);138.09;
1565;831.26;330 ms;2.6 G;canter;408 m/min;2 cm;2.25 m;R;8.7 º (R);6.9 º (B);1404.19;
1566;831.72;460 ms;2.7 G;canter;414 m/min;8 cm;3.18 m;R;9.8 º (R);7.3 º (B);766.45;
1567;832.3;580 ms;2.8 G;canter;386 m/min;15 cm;3.73 m;R;6.1 º (R);7.6 º (B);1163.75;
1568;832.75;450 ms;4.5 G;canter;479 m/min;9 cm;3.59 m;R;14.6 º (R);4.7 º (B);1018.74;
1569;833.28;530 ms;4.2 G;canter;487 m/min;12 cm;4.3 m;R;17.2 º (R);4 º (B);1787.92;
1570;833.84;560 ms;3.8 G;canter;480 m/min;17 cm;4.48 m;R;16.9 º (R);8.2 º (B);1445.89;
1571;834.41;570 ms;3.7 G;canter;451 m/min;20 cm;4.28 m;R;15 º (R);8.2 º (B);1841.15;
1572;834.92;510 ms;3.1 G;canter;490 m/min;12 cm;4.16 m;R;17.1 º (R);7.6 º (B);1450.99;
1573;835.42;500 ms;2.9 G;canter;455 m/min;11 cm;3.79 m;R;15.4 º (R);9.5 º (B);1540.62;
1574;835.94;520 ms;2.7 G;canter;443 m/min;9 cm;3.84 m;R;19.4 º (R);11.5 º (B);1412.74;
1575;836.44;500 ms;3.3 G;canter;464 m/min;7 cm;3.87 m;R;19.1 º (R);13.6 º (B);1599.57;
1576;836.95;510 ms;3.1 G;canter;460 m/min;7 cm;3.91 m;R;11.3 º (R);11.9 º (B);1708.41;
1577;837.3;350 ms;1.5 G;canter;442 m/min;6 cm;2.58 m;R;9.9 º (R);9.4 º (B);719.25;
1578;838.71;300 ms;2.2 G;canter;351 m/min;3 cm;1.75 m;R;4 º (R);2.2 º (B);1004.04;
1579;839.2;490 ms;5.6 G;canter;279 m/min;11 cm;2.28 m;R;5.3 º (R);11.5 º (B);1036.93;
1580;839.6;400 ms;3.8 G;canter;291 m/min;11 cm;1.94 m;R;11.7 º (R);7.6 º (B);975.45;
1581;840.21;610 ms;4 G;canter;187 m/min;23 cm;1.9 m;R;7 º (R);8.6 º (B);1180.14;
1582;840.75;540 ms;1.6 G;canter;107 m/min;10 cm;0.97 m;S;-0.9 º (L);0.3 º (B);138.95;
1583;841.09;340 ms;0.3 G;canter;72 m/min;3 cm;0.41 m;R;0.4 º (R);2.7 º (B);3.3;
1584;841.61;520 ms;0.3 G;canter;25 m/min;2 cm;0.22 m;R;4 º (R);7.8 º (B);0.05;
1585;841.94;330 ms;0.7 G;canter;16 m/min;2 cm;0.09 m;R;7.1 º (R);8.7 º (B);22.53;
1586;842.38;440 ms;0.9 G;canter;63 m/min;3 cm;0.46 m;R;8 º (R);7.2 º (B);230.54;
1587;842.98;600 ms;1.5 G;canter;135 m/min;5 cm;1.35 m;R;6.6 º (R);6.6 º (B);391.86;
1588;843.53;550 ms;1.6 G;canter;177 m/min;5 cm;1.62 m;S;1.2 º (R);5.7 º (B);496.08;
1589;844.1;570 ms;1.4 G;canter;233 m/min;13 cm;2.21 m;S;6.4 º (R);6.7 º (B);581.37;
1590;844.63;530 ms;1.7 G;canter;284 m/min;10 cm;2.51 m;R;9.7 º (R);1.1 º (B);429.7;
1591;845.25;620 ms;2.8 G;canter;342 m/min;17 cm;3.54 m;R;16.8 º (R);6.8 º (B);1181.61;
1592;845.73;480 ms;1.8 G;canter;393 m/min;10 cm;3.14 m;R;20 º (R);-1.9 º (F);799.62;
1593;846.29;560 ms;2.2 G;canter;395 m/min;13 cm;3.69 m;R;23.2 º (R);3.9 º (B);1142.69;
1594;846.84;550 ms;1.8 G;canter;409 m/min;11 cm;3.75 m;R;27.7 º (R);4.8 º (B);964.37;
1595;847.39;550 ms;2.4 G;canter;369 m/min;12 cm;3.38 m;R;23.4 º (R);6.2 º (B);1298.08;
1596;847.98;590 ms;1.8 G;canter;387 m/min;13 cm;3.8 m;R;24.2 º (R);5.2 º (B);1209.38;
1597;848.56;580 ms;2 G;canter;365 m/min;13 cm;3.52 m;R;26.4 º (R);6.8 º (B);1373.06;
1598;849.11;550 ms;2.6 G;canter;349 m/min;13 cm;3.2 m;R;24.9 º (R);7.5 º (B);901.14;
1599;849.65;540 ms;2 G;canter;353 m/min;11 cm;3.18 m;R;23.4 º (R);5.7 º (B);847.78;
1600;850.19;540 ms;2.4 G;canter;397 m/min;9 cm;3.57 m;R;22.8 º (R);3.9 º (B);1038.01;
1601;850.67;480 ms;2.1 G;canter;449 m/min;6 cm;3.59 m;R;11.3 º (R);2.5 º (B);689.77;
1602;851.08;410 ms;2.2 G;canter;440 m/min;6 cm;3.01 m;R;6.9 º (R);2.9 º (B);947.45;
1603;852.49;280 ms;1.7 G;canter;444 m/min;2 cm;2.07 m;S;3.7 º (R);-2.1 º (F);1444.7;
1604;853;510 ms;1.6 G;canter;379 m/min;3 cm;3.22 m;L;-3.3 º (L);3.7 º (B);1717.66;
1605;853.51;510 ms;3.4 G;canter;423 m/min;4 cm;3.6 m;L;-3.1 º (L);3.4 º (B);1756;
1606;853.96;450 ms;2.9 G;canter;480 m/min;4 cm;3.6 m;S;0.5 º (R);-1.2 º (F);1686.56;
1607;854.43;470 ms;2.4 G;canter;545 m/min;6 cm;4.27 m;R;6.3 º (R);-3.5 º (F);1423.23;
1608;854.92;490 ms;2.4 G;canter;554 m/min;9 cm;4.53 m;R;6.3 º (R);-5.4 º (F);1930.05;
1609;855.44;520 ms;3.6 G;canter;577 m/min;11 cm;5 m;S;2.8 º (R);-6.7 º (F);2310.79;
1610;855.96;520 ms;3.8 G;canter;580 m/min;13 cm;5.02 m;S;-0.8 º (L);-6.1 º (F);2562.73;
1611;856.48;520 ms;2.6 G;canter;573 m/min;14 cm;4.97 m;L;-2.3 º (L);-7.1 º (F);2430.9;
1612;857;520 ms;2.6 G;canter;593 m/min;14 cm;5.14 m;S;-1.4 º (L);-9.5 º (F);2864.71;
1613;857.47;470 ms;4.7 G;canter;562 m/min;12 cm;4.4 m;S;-1.4 º (L);-6.3 º (F);2052.67;
1614;858.06;590 ms;3.2 G;canter;540 m/min;16 cm;5.31 m;S;-0.1 º (L);-6.3 º (F);2807.17;
1615;858.58;520 ms;3.6 G;canter;546 m/min;16 cm;4.73 m;S;2.6 º (R);-9.5 º (F);1962.34;
1616;859.11;530 ms;3.1 G;canter;522 m/min;17 cm;4.61 m;S;0.8 º (R);-7.3 º (F);2176.85;
1617;859.67;560 ms;3.1 G;canter;503 m/min;18 cm;4.7 m;S;-0.6 º (L);-5.3 º (F);1821.16;
1618;860.2;530 ms;2.1 G;canter;498 m/min;11 cm;4.4 m;S;0.2 º (R);-5.1 º (F);1940.54;
1619;860.65;450 ms;1.8 G;canter;526 m/min;8 cm;3.95 m;S;0.2 º (R);-5 º (F);1480.54;
1620;861.17;520 ms;2 G;canter;534 m/min;13 cm;4.63 m;S;1.2 º (R);-4.2 º (F);1765.89;
1621;861.64;470 ms;3.7 G;canter;536 m/min;8 cm;4.2 m;S;3.5 º (R);-4.2 º (F);1897.22;
1622;862.02;380 ms;3.1 G;canter;536 m/min;7 cm;3.39 m;R;7.8 º (R);-5.3 º (F);1428.84;
1623;863.4;330 ms;3.1 G;canter;547 m/min;4 cm;3.01 m;R;12.2 º (R);-12 º (F);2615.41;
1624;863.93;530 ms;2.1 G;canter;527 m/min;5 cm;4.65 m;R;5 º (R);-5.8 º (F);1453.18;
1625;864.35;420 ms;2.8 G;canter;544 m/min;6 cm;3.81 m;R;8.1 º (R);-6.6 º (F);1247.13;
1626;864.86;510 ms;2.9 G;canter;570 m/min;10 cm;4.84 m;R;6.6 º (R);-7.6 º (F);1922.86;
1627;865.43;570 ms;3.8 G;canter;604 m/min;16 cm;5.74 m;S;5.4 º (R);-4.9 º (F);2445.03;
1628;865.96;530 ms;3.8 G;canter;584 m/min;16 cm;5.16 m;R;8.7 º (R);-2.9 º (F);2401.8;
1629;866.47;510 ms;3.9 G;canter;559 m/min;13 cm;4.76 m;R;7.7 º (R);-2.2 º (F);2241.78;
1630;867.01;540 ms;3.4 G;canter;558 m/min;16 cm;5.02 m;R;4 º (R);-3 º (F);2409.68;
1631;867.56;550 ms;3 G;canter;509 m/min;15 cm;4.66 m;R;5.7 º (R);-1.6 º (F);2222.78;
1632;868.06;500 ms;2.8 G;canter;541 m/min;10 cm;4.51 m;R;7.1 º (R);-3.7 º (F);1594.15;
1633;868.62;560 ms;2.6 G;canter;564 m/min;16 cm;5.26 m;R;10.1 º (R);-0.8 º (F);2203.56;
1634;869.15;530 ms;2.9 G;canter;508 m/min;11 cm;4.49 m;R;10.8 º (R);2.7 º (B);1833.76;
1635;869.67;520 ms;3 G;canter;494 m/min;10 cm;4.28 m;R;10.2 º (R);2.9 º (B);1208.3;
1636;870.19;520 ms;2.4 G;canter;500 m/min;13 cm;4.33 m;R;9.4 º (R);2.3 º (B);1864.25;
1637;870.72;530 ms;3.4 G;canter;490 m/min;10 cm;4.33 m;R;9.7 º (R);5.6 º (B);1639.54;
1638;871.24;520 ms;2.9 G;canter;509 m/min;11 cm;4.42 m;R;10.6 º (R);5.5 º (B);1757.77;
1639;871.62;380 ms;2.8 G;canter;485 m/min;7 cm;3.08 m;R;11.1 º (R);3.3 º (B);1329.26;
1640;872.79;140 ms;4.2 G;canter;403 m/min;7 cm;0.94 m;L;-3.1 º (L);-23.7 º (F);1664.14;
1641;873.53;740 ms;1.7 G;canter;442 m/min;7 cm;5.46 m;S;2.6 º (R);3.8 º (B);2268.29;
1642;874.01;480 ms;2.5 G;canter;541 m/min;6 cm;4.33 m;R;8.7 º (R);-4.2 º (F);1040.81;
1643;874.56;550 ms;2.4 G;canter;536 m/min;7 cm;4.91 m;R;11.6 º (R);0.7 º (B);1671.1;
1644;875.08;520 ms;3.2 G;canter;575 m/min;8 cm;4.99 m;R;11.4 º (R);0.3 º (B);1517.21;
1645;875.6;520 ms;3 G;canter;595 m/min;9 cm;5.16 m;R;10.2 º (R);-0.5 º (F);1969.9;
1646;876.12;520 ms;3.1 G;canter;573 m/min;11 cm;4.96 m;R;7.8 º (R);0.6 º (B);2012.29;
1647;876.66;540 ms;2.8 G;canter;601 m/min;11 cm;5.41 m;R;6.3 º (R);-2.8 º (F);2253.86;
1648;877.17;510 ms;2.8 G;canter;584 m/min;10 cm;4.96 m;R;6 º (R);-3.9 º (F);2063.12;
1649;877.7;530 ms;3 G;canter;593 m/min;11 cm;5.24 m;R;6.2 º (R);-1.9 º (F);2234.07;
1650;878.21;510 ms;3.2 G;canter;621 m/min;10 cm;5.28 m;R;6.1 º (R);-2.2 º (F);2171.53;
1651;878.74;530 ms;3 G;canter;603 m/min;11 cm;5.33 m;R;3.7 º (R);-4.4 º (F);2053.52;
1652;879.25;510 ms;3.1 G;canter;595 m/min;10 cm;5.06 m;R;2.9 º (R);-5.9 º (F);2536.34;
1653;879.8;550 ms;3.1 G;canter;568 m/min;13 cm;5.2 m;R;3.2 º (R);-3.6 º (F);2228.22;
1654;880.35;550 ms;3.8 G;canter;542 m/min;14 cm;4.97 m;S;2 º (R);-3.6 º (F);3067.93;
1655;880.85;500 ms;3.3 G;canter;540 m/min;10 cm;4.5 m;S;-1.2 º (L);-6.2 º (F);1798.81;
1656;881.44;590 ms;4.5 G;canter;536 m/min;18 cm;5.27 m;S;0.2 º (R);-4.3 º (F);2719.71;
1657;881.95;510 ms;3.2 G;canter;522 m/min;15 cm;4.44 m;S;-0.3 º (L);-7.2 º (F);2296.38;
1658;882.52;570 ms;2.5 G;canter;501 m/min;13 cm;4.76 m;S;-1.2 º (L);-4.4 º (F);2091.92;
1659;882.97;450 ms;2.4 G;canter;503 m/min;11 cm;3.77 m;S;-3.1 º (L);-8.9 º (F);1027.57;
1660;883.62;650 ms;3.3 G;canter;509 m/min;22 cm;5.52 m;S;6.7 º (R);-4.3 º (F);3324.45;
1661;884.15;530 ms;3.3 G;canter;556 m/min;15 cm;4.91 m;R;15 º (R);-4.4 º (F);1559.88;
1662;884.61;460 ms;3.5 G;canter;577 m/min;7 cm;4.42 m;R;16.7 º (R);-0.1 º (F);2309.51;
1663;885.17;560 ms;3.5 G;canter;465 m/min;13 cm;4.34 m;S;1.8 º (R);8.3 º (B);1706.47;
1664;885.71;540 ms;2.6 G;canter;419 m/min;17 cm;3.77 m;S;-2.1 º (L);1.1 º (B);1302.17;
1665;886.25;540 ms;2.4 G;canter;398 m/min;18 cm;3.58 m;S;-0.2 º (L);-4.2 º (F);1524.46;
1666;886.84;590 ms;2.8 G;canter;384 m/min;22 cm;3.78 m;S;0.4 º (R);-0.9 º (F);1805.93;
1667;887.34;500 ms;2.9 G;canter;401 m/min;15 cm;3.34 m;S;3.8 º (R);-4.1 º (F);1380.25;
1668;887.84;500 ms;3.1 G;canter;403 m/min;10 cm;3.36 m;S;2.7 º (R);4.1 º (B);1444.24;
1669;888.31;470 ms;2.2 G;canter;404 m/min;9 cm;3.16 m;S;4.2 º (R);6.5 º (B);1361.52;
1670;889.66;340 ms;3.3 G;canter;366 m/min;5 cm;2.08 m;S;-3.3 º (L);-10.4 º (F);566.21;
1671;890.13;470 ms;2.1 G;canter;357 m/min;5 cm;2.8 m;R;5.8 º (R);1.7 º (B);1006.44;
1672;890.54;410 ms;2.7 G;canter;406 m/min;8 cm;2.77 m;R;4.5 º (R);2.2 º (B);1062.07;
1673;891.89;320 ms;2.5 G;canter;463 m/min;2 cm;2.47 m;S;0.3 º (R);-3.9 º (F);1136.35;
1674;892.24;350 ms;1.6 G;canter;432 m/min;4 cm;2.52 m;L;-7.5 º (L);-7.1 º (F);720.81;
1675;892.87;630 ms;2.3 G;canter;433 m/min;6 cm;4.54 m;L;-8.1 º (L);1.8 º (B);1484.34;
1676;893.33;460 ms;2.7 G;canter;473 m/min;4 cm;3.62 m;S;-0.8 º (L);-0.3 º (F);1441.11;
1677;893.83;500 ms;2.4 G;canter;519 m/min;6 cm;4.33 m;R;3.6 º (R);-2.3 º (F);1454.39;
1678;894.31;480 ms;3.1 G;canter;590 m/min;7 cm;4.72 m;R;5.8 º (R);-3 º (F);1663.32;
1679;894.81;500 ms;3.7 G;canter;630 m/min;8 cm;5.25 m;R;5.3 º (R);-4 º (F);2025.27;
1680;895.29;480 ms;3.3 G;canter;654 m/min;7 cm;5.23 m;S;4.7 º (R);-5.8 º (F);2501.1;
1681;895.79;500 ms;3.7 G;canter;667 m/min;8 cm;5.56 m;S;3.7 º (R);-4.7 º (F);2374.11;
1682;896.28;490 ms;3 G;canter;686 m/min;7 cm;5.6 m;S;5.1 º (R);-5 º (F);2353.1;
1683;896.75;470 ms;2.7 G;canter;745 m/min;7 cm;5.84 m;R;7.8 º (R);-8 º (F);2438.3;
1684;897.22;470 ms;4.1 G;canter;730 m/min;8 cm;5.72 m;R;7 º (R);-6.7 º (F);2882.41;
1685;897.77;550 ms;5.9 G;canter;704 m/min;9 cm;6.45 m;S;3.2 º (R);-4.1 º (F);3407.49;
1686;898.25;480 ms;4.9 G;canter;699 m/min;7 cm;5.59 m;S;4 º (R);-5.8 º (F);2635.83;
1687;898.73;480 ms;2.1 G;canter;686 m/min;7 cm;5.49 m;S;4.2 º (R);-4.2 º (F);2136.24;
1688;899.24;510 ms;4.5 G;canter;714 m/min;8 cm;6.07 m;S;4.3 º (R);-5.4 º (F);3396.02;
1689;899.73;490 ms;4.5 G;canter;701 m/min;9 cm;5.73 m;S;3.1 º (R);-4.1 º (F);2839.03;
1690;900.2;470 ms;3.5 G;canter;674 m/min;7 cm;5.28 m;S;-0.8 º (L);-4.8 º (F);2714.95;
1691;900.73;530 ms;5 G;canter;670 m/min;8 cm;5.91 m;S;0.1 º (R);-4.1 º (F);3615.07;
1692;901.2;470 ms;2.6 G;canter;727 m/min;8 cm;5.69 m;S;5.4 º (R);-6.1 º (F);2022.24;
1693;901.72;520 ms;5.9 G;canter;687 m/min;11 cm;5.96 m;S;3.7 º (R);-3.1 º (F);3826.11;
1694;902.2;480 ms;3.6 G;canter;697 m/min;7 cm;5.58 m;S;2.7 º (R);-4.7 º (F);2337.68;
1695;902.7;500 ms;3.4 G;canter;718 m/min;8 cm;5.98 m;S;2.6 º (R);-3.8 º (F);2460.66;
1696;903.2;500 ms;4.8 G;canter;747 m/min;8 cm;6.23 m;S;3.6 º (R);-4.5 º (F);2968.9;
1697;903.68;480 ms;3 G;canter;711 m/min;8 cm;5.69 m;S;4.8 º (R);-3.8 º (F);2269.71;
1698;904.21;530 ms;6.4 G;canter;705 m/min;9 cm;6.23 m;S;2.3 º (R);-2.5 º (F);3559.9;
1699;904.7;490 ms;3.7 G;canter;666 m/min;9 cm;5.44 m;S;1.9 º (R);-1 º (F);1812.69;
1700;905.26;560 ms;4.2 G;canter;640 m/min;13 cm;5.98 m;S;2.9 º (R);-1.7 º (F);3586.87;
1701;905.7;440 ms;3.5 G;canter;609 m/min;6 cm;4.47 m;R;2.9 º (R);-3.2 º (F);2029.85;
1702;906.21;510 ms;3 G;canter;629 m/min;10 cm;5.34 m;R;3.8 º (R);-1.8 º (F);2381.1;
1703;906.69;480 ms;4.9 G;canter;654 m/min;6 cm;5.23 m;R;3.7 º (R);-4.1 º (F);2634.03;
1704;907.16;470 ms;3.8 G;canter;685 m/min;7 cm;5.37 m;R;4.7 º (R);-6.2 º (F);2663.84;
1705;907.68;520 ms;3.4 G;canter;739 m/min;9 cm;6.41 m;R;4.7 º (R);-4.6 º (F);2935.04;
1706;908.18;500 ms;4.3 G;canter;748 m/min;10 cm;6.23 m;R;2.1 º (R);-5.1 º (F);3081.05;
1707;908.67;490 ms;3.1 G;canter;734 m/min;9 cm;5.99 m;R;3 º (R);-5.1 º (F);2852.45;
1708;909.18;510 ms;3.7 G;canter;722 m/min;11 cm;6.13 m;R;2.4 º (R);-4.5 º (F);3187.04;
1709;909.72;540 ms;4.2 G;canter;728 m/min;12 cm;6.55 m;S;0.8 º (R);-4 º (F);3487.81;
1710;910.23;510 ms;3.6 G;canter;704 m/min;11 cm;5.99 m;S;2.2 º (R);-2 º (F);2412.04;
1711;910.79;560 ms;3.9 G;canter;691 m/min;14 cm;6.45 m;R;3.4 º (R);-0.8 º (F);3203.73;
1712;911.27;480 ms;3.9 G;canter;637 m/min;10 cm;5.1 m;S;0 º (R);-3.4 º (F);2298.64;
1713;911.81;540 ms;3.5 G;canter;623 m/min;12 cm;5.6 m;R;1.9 º (R);-2.5 º (F);2861.36;
1714;912.36;550 ms;3.6 G;canter;598 m/min;13 cm;5.48 m;R;2 º (R);-2.6 º (F);2910.16;
1715;912.89;530 ms;3.1 G;canter;570 m/min;11 cm;5.03 m;S;-0.6 º (L);-0.8 º (F);1933.37;
1716;913.42;530 ms;3.9 G;canter;550 m/min;15 cm;4.86 m;S;-0.2 º (L);-1.4 º (F);2831.39;
1717;913.96;540 ms;3.6 G;canter;524 m/min;15 cm;4.72 m;R;3.5 º (R);-0.1 º (F);2586.8;
1718;914.47;510 ms;3.3 G;canter;544 m/min;11 cm;4.63 m;R;5.3 º (R);-1.4 º (F);1732.6;
1719;915.03;560 ms;3.8 G;canter;538 m/min;18 cm;5.02 m;S;3.1 º (R);-0.4 º (F);2874.23;
1720;915.58;550 ms;2.9 G;canter;493 m/min;17 cm;4.52 m;S;-0.9 º (L);-1.2 º (F);2091.74;
1721;916.13;550 ms;3.3 G;canter;445 m/min;17 cm;4.08 m;S;-2.1 º (L);-1.8 º (F);2317.72;
1722;916.61;480 ms;3.2 G;canter;386 m/min;7 cm;3.09 m;S;-0.6 º (L);-3.9 º (F);1185.53;
1723;917.22;610 ms;2.7 G;canter;321 m/min;18 cm;3.26 m;S;0.6 º (R);0.3 º (B);2001.66;
1724;917.75;530 ms;2.9 G;canter;336 m/min;7 cm;2.97 m;R;3.4 º (R);-0.9 º (F);1036.27;
1725;918.24;490 ms;2.8 G;canter;385 m/min;10 cm;3.14 m;R;2.9 º (R);-4.1 º (F);1017.29;
1726;918.79;550 ms;4.3 G;canter;434 m/min;17 cm;3.97 m;R;3.3 º (R);-1.8 º (F);2085.69;
1727;919.17;380 ms;2.3 G;canter;442 m/min;8 cm;2.8 m;R;6.6 º (R);-6.7 º (F);1221.56;
1728;920.44;260 ms;1.3 G;canter;407 m/min;4 cm;1.77 m;R;6.1 º (R);-22.3 º (F);348.02;
1729;921;560 ms;3.4 G;canter;347 m/min;13 cm;3.24 m;S;1 º (R);-4.3 º (F);1556.8;
1730;921.52;520 ms;2.1 G;canter;347 m/min;17 cm;3.01 m;S;2 º (R);-6.1 º (F);682.4;
1731;921.99;470 ms;2.4 G;canter;331 m/min;8 cm;2.59 m;L;-2.6 º (L);-12.6 º (F);462.13;
1732;922.55;560 ms;4.5 G;canter;326 m/min;17 cm;3.04 m;S;-1.5 º (L);-5.3 º (F);2227.47;
1733;923.08;530 ms;3.5 G;canter;305 m/min;15 cm;2.69 m;S;3.4 º (R);-0.6 º (F);1352.91;
1734;923.6;520 ms;3.1 G;canter;304 m/min;10 cm;2.64 m;R;7.9 º (R);-2.8 º (F);1236.17;
1735;924.61;70 ms;3.1 G;canter;290 m/min;3 cm;0.34 m;R;8.3 º (R);-23.9 º (F);771.23;
1736;925.03;420 ms;1.8 G;canter;377 m/min;5 cm;2.64 m;R;7.8 º (R);-5.4 º (F);1140.77;
1737;925.51;480 ms;2.4 G;canter;383 m/min;5 cm;3.07 m;R;9.9 º (R);-0.4 º (F);1136.14;
1738;925.98;470 ms;2.2 G;canter;401 m/min;5 cm;3.14 m;R;6.3 º (R);1.3 º (B);918.75;
1739;926.46;480 ms;2.6 G;canter;384 m/min;4 cm;3.07 m;R;3.3 º (R);4.6 º (B);1586.28;
1740;927.68;150 ms;5.3 G;canter;370 m/min;10 cm;0.93 m;L;-7.9 º (L);-18.7 º (F);2028.33;
1741;928.45;770 ms;3 G;canter;422 m/min;8 cm;5.41 m;S;6.7 º (R);11.4 º (B);2114.44;
1742;929.34;890 ms;1.4 G;canter;518 m/min;8 cm;7.68 m;R;9.9 º (R);6.5 º (B);1587.68;
1743;929.88;540 ms;2.4 G;canter;538 m/min;4 cm;4.84 m;R;7.8 º (R);6.2 º (B);1675.08;
1744;930.38;500 ms;2.7 G;canter;554 m/min;7 cm;4.62 m;R;7 º (R);6.8 º (B);1559.81;
1745;930.84;460 ms;3.2 G;canter;485 m/min;8 cm;3.71 m;S;2.1 º (R);8.5 º (B);1670.72;
1746;931.56;720 ms;2.7 G;canter;423 m/min;13 cm;5.08 m;S;-0.5 º (L);3.6 º (B);1650.55;
1747;931.95;390 ms;3.7 G;canter;384 m/min;3 cm;2.5 m;S;-2.3 º (L);3.6 º (B);965.69;
1748;932.47;520 ms;3.1 G;canter;362 m/min;10 cm;3.14 m;S;0.5 º (R);6.5 º (B);2368.21;
1749;933.48;1010 ms;2.3 G;canter;406 m/min;8 cm;6.83 m;S;0.6 º (R);7.2 º (B);3434.58;
1750;934.03;550 ms;2.6 G;canter;437 m/min;5 cm;4.01 m;S;3.4 º (R);8.5 º (B);2316.63;
1751;934.54;510 ms;1.9 G;canter;449 m/min;5 cm;3.82 m;R;3.4 º (R);8.1 º (B);2167.32;
1752;935.06;520 ms;2.8 G;canter;404 m/min;5 cm;3.5 m;S;-0.4 º (L);10.2 º (B);2281.87;
1753;935.59;530 ms;2.5 G;canter;421 m/min;6 cm;3.72 m;R;1.2 º (R);9.4 º (B);1963.77;
1754;936.1;510 ms;2.5 G;canter;474 m/min;5 cm;4.03 m;S;1.1 º (R);7.5 º (B);2219.75;
1755;936.62;520 ms;2.4 G;canter;485 m/min;5 cm;4.2 m;S;0.8 º (R);6.1 º (B);1991.31;
1756;937.11;490 ms;1.8 G;canter;498 m/min;4 cm;4.06 m;R;2.9 º (R);6.1 º (B);1477.14;
1757;937.65;540 ms;2 G;canter;458 m/min;6 cm;4.12 m;S;1.5 º (R);3.8 º (B);1580.94;
1758;938.19;540 ms;2.1 G;canter;463 m/min;8 cm;4.17 m;S;-1.4 º (L);2.6 º (B);1732.68;
1759;938.7;510 ms;2.4 G;canter;435 m/min;9 cm;3.7 m;S;-0.8 º (L);0.5 º (B);1574.98;
1760;939.26;560 ms;2.8 G;canter;443 m/min;10 cm;4.13 m;S;-1.6 º (L);-2.5 º (F);1741.53;
1761;939.86;600 ms;2.4 G;canter;387 m/min;12 cm;3.87 m;L;-5.9 º (L);-5.1 º (F);1887.24;
1762;940.4;540 ms;2.5 G;canter;344 m/min;13 cm;3.1 m;L;-4.6 º (L);-7.4 º (F);1344.79;
1763;940.95;550 ms;2.5 G;canter;376 m/min;13 cm;3.44 m;S;0.7 º (R);-8.4 º (F);1425.02;
1764;941.49;540 ms;2.3 G;canter;414 m/min;14 cm;3.73 m;S;2.9 º (R);-8.5 º (F);1649.48;
1765;941.99;500 ms;2.5 G;canter;430 m/min;13 cm;3.58 m;S;3.3 º (R);-8.6 º (F);1490.14;
1766;942.53;540 ms;2.9 G;canter;461 m/min;15 cm;4.15 m;S;7.7 º (R);-8.4 º (F);1922.45;
1767;943.08;550 ms;2.5 G;canter;516 m/min;17 cm;4.73 m;R;8 º (R);-7.5 º (F);2014.8;
1768;943.62;540 ms;5.4 G;canter;509 m/min;17 cm;4.58 m;S;5.5 º (R);-6.1 º (F);2438.35;
1769;944.18;560 ms;3.5 G;canter;548 m/min;20 cm;5.12 m;S;9 º (R);-7.1 º (F);2369.49;
1770;944.74;560 ms;5.9 G;canter;575 m/min;18 cm;5.37 m;S;7.3 º (R);-7.9 º (F);2584.36;
1771;945.28;540 ms;2.7 G;canter;544 m/min;17 cm;4.89 m;S;3.8 º (R);-8.5 º (F);1948.33;
1772;945.85;570 ms;3.4 G;canter;514 m/min;20 cm;4.89 m;S;1.6 º (R);-9.5 º (F);2017.04;
1773;946.44;590 ms;2.9 G;canter;454 m/min;22 cm;4.46 m;L;-3.6 º (L);-9.6 º (F);1927.97;
1774;946.99;550 ms;2.8 G;canter;435 m/min;19 cm;3.99 m;L;-5.6 º (L);-11 º (F);1573.53;
1775;947.5;510 ms;2.6 G;canter;449 m/min;13 cm;3.81 m;S;-1.5 º (L);-12 º (F);1121.12;
1776;948.05;550 ms;3.4 G;canter;391 m/min;18 cm;3.59 m;S;0.1 º (R);-9.9 º (F);1972.2;
1777;948.62;570 ms;5.9 G;canter;336 m/min;19 cm;3.19 m;S;-0.8 º (L);-8.4 º (F);1874.71;
1778;949.18;560 ms;3.8 G;canter;382 m/min;19 cm;3.56 m;S;3.2 º (R);-11.2 º (F);1899.45;
1779;949.73;550 ms;3.9 G;canter;460 m/min;19 cm;4.21 m;S;6.8 º (R);-11.2 º (F);2364.22;
1780;950.3;570 ms;3.7 G;canter;458 m/min;20 cm;4.35 m;R;6.9 º (R);-10.5 º (F);2361.96;
1781;950.83;530 ms;3.3 G;canter;424 m/min;17 cm;3.74 m;S;2.9 º (R);-11.4 º (F);2094.92;
1782;951.47;640 ms;5.4 G;canter;379 m/min;25 cm;4.04 m;S;-2.2 º (L);-10 º (F);2708.24;
1783;951.98;510 ms;4.5 G;canter;320 m/min;14 cm;2.72 m;S;0 º (R);-6.5 º (F);1684.79;
1784;952.54;560 ms;2.8 G;canter;331 m/min;19 cm;3.09 m;S;-2.5 º (L);-4.9 º (F);2362.22;
1785;952.99;450 ms;2.6 G;canter;361 m/min;12 cm;2.71 m;L;-4 º (L);-6.1 º (F);1107.96;
1786;953.51;520 ms;3.6 G;canter;357 m/min;14 cm;3.09 m;L;-4.8 º (L);-1.6 º (F);1817.41;
1787;954.09;580 ms;3.9 G;canter;321 m/min;18 cm;3.11 m;S;-1.5 º (L);1.5 º (B);1502.92;
1788;954.7;610 ms;2.6 G;canter;351 m/min;21 cm;3.57 m;S;3.8 º (R);0.5 º (B);1265.05;
1789;955.29;590 ms;4 G;canter;421 m/min;23 cm;4.14 m;S;6.4 º (R);-5.1 º (F);1213.58;
1790;955.76;470 ms;3.3 G;canter;429 m/min;13 cm;3.36 m;R;5.9 º (R);-8.1 º (F);1457.39;
1791;956.3;540 ms;4.3 G;canter;421 m/min;18 cm;3.79 m;R;7.2 º (R);-6.3 º (F);2043.3;
1792;956.8;500 ms;3.1 G;canter;455 m/min;13 cm;3.79 m;R;10.2 º (R);-5.1 º (F);1303.69;
1793;957.44;640 ms;3.8 G;canter;405 m/min;28 cm;4.31 m;R;6.7 º (R);-3.1 º (F);3118.28;
1794;957.98;540 ms;2.9 G;canter;391 m/min;27 cm;3.52 m;S;-0.5 º (L);-2.9 º (F);1432.28;
1795;958.57;590 ms;3.7 G;canter;383 m/min;21 cm;3.77 m;S;3.1 º (R);1.2 º (B);1556.59;
1796;959.1;530 ms;2.9 G;canter;399 m/min;13 cm;3.53 m;R;5.2 º (R);-0.3 º (F);1175.05;
1797;959.66;560 ms;3 G;canter;439 m/min;13 cm;4.09 m;R;10.2 º (R);3.2 º (B);1232.97;
1798;960.16;500 ms;2.6 G;canter;445 m/min;10 cm;3.71 m;R;11.5 º (R);3.2 º (B);1282.77;
1799;960.7;540 ms;3.6 G;canter;455 m/min;11 cm;4.1 m;R;5 º (R);3.5 º (B);1325.55;
1800;961.22;520 ms;3.8 G;canter;463 m/min;13 cm;4.01 m;R;6.6 º (R);10 º (B);2029.66;
1801;961.79;570 ms;3.2 G;canter;462 m/min;12 cm;4.39 m;S;2.1 º (R);11.3 º (B);1303.32;
1802;962.37;580 ms;2.6 G;canter;435 m/min;18 cm;4.2 m;S;-3.6 º (L);5.4 º (B);1304.38;
1803;962.95;580 ms;3.7 G;canter;400 m/min;18 cm;3.86 m;S;-4.2 º (L);9.4 º (B);1620.28;
1804;963.41;460 ms;2.5 G;canter;418 m/min;9 cm;3.21 m;S;-0.2 º (L);6.5 º (B);944.06;
1805;964.04;630 ms;3.1 G;canter;352 m/min;22 cm;3.7 m;S;-3.7 º (L);11.1 º (B);1435.32;
1806;964.57;530 ms;3.3 G;canter;296 m/min;12 cm;2.62 m;L;-5.8 º (L);7.4 º (B);511.81;
1807;965.11;540 ms;3.4 G;canter;230 m/min;12 cm;2.07 m;L;-5.6 º (L);2.5 º (B);568.61;
1808;965.63;520 ms;2.7 G;canter;255 m/min;15 cm;2.21 m;L;-3.9 º (L);0.9 º (B);838.72;
1809;966.06;430 ms;3 G;canter;272 m/min;10 cm;1.95 m;S;-1.9 º (L);0 º (F);567.57;
1810;967.43;290 ms;2.6 G;canter;452 m/min;1 cm;2.18 m;R;12.1 º (R);-0.3 º (F);884.5;
1811;967.95;520 ms;2.6 G;canter;414 m/min;3 cm;3.59 m;S;2.3 º (R);0.6 º (B);1074.03;
1812;968.41;460 ms;2.6 G;canter;437 m/min;6 cm;3.35 m;S;2 º (R);-3.9 º (F);764.94;
1813;968.88;470 ms;2.7 G;canter;425 m/min;8 cm;3.33 m;S;2.2 º (R);-3.8 º (F);974.26;
1814;969.42;540 ms;3.6 G;canter;468 m/min;10 cm;4.21 m;S;3.9 º (R);-0.8 º (F);1503.38;
1815;969.95;530 ms;5.2 G;canter;513 m/min;10 cm;4.53 m;S;7 º (R);0.2 º (B);2210.7;
1816;970.44;490 ms;3.7 G;canter;594 m/min;9 cm;4.85 m;S;9.3 º (R);-3 º (F);1496.7;
1817;971.01;570 ms;4.1 G;canter;644 m/min;18 cm;6.12 m;S;7.1 º (R);-1.2 º (F);3102.93;
1818;971.51;500 ms;3.6 G;canter;670 m/min;15 cm;5.58 m;S;6.6 º (R);-2 º (F);2757.05;
1819;972.05;540 ms;3.6 G;canter;652 m/min;16 cm;5.86 m;S;2.2 º (R);-4.4 º (F);3182.22;
1820;972.6;550 ms;3.6 G;canter;614 m/min;17 cm;5.63 m;S;-0.3 º (L);-4.2 º (F);3114.55;
1821;973.1;500 ms;4.8 G;canter;603 m/min;16 cm;5.02 m;S;1.8 º (R);-6.8 º (F);2812.35;
1822;973.62;520 ms;5.1 G;canter;599 m/min;15 cm;5.19 m;S;0.2 º (R);-5.7 º (F);2881.64;
1823;974.15;530 ms;4.3 G;canter;600 m/min;17 cm;5.3 m;S;-0.7 º (L);-4.3 º (F);2577.84;
1824;974.68;530 ms;4.7 G;canter;577 m/min;16 cm;5.1 m;S;1 º (R);-1.7 º (F);2668.15;
1825;975.22;540 ms;4.9 G;canter;604 m/min;18 cm;5.44 m;S;0.9 º (R);-2 º (F);2718.02;
1826;975.75;530 ms;3.1 G;canter;579 m/min;17 cm;5.11 m;S;1.1 º (R);-1.6 º (F);2581.08;
1827;976.34;590 ms;5.3 G;canter;555 m/min;19 cm;5.46 m;S;-1.8 º (L);-0.6 º (F);3211.2;
1828;976.84;500 ms;3.2 G;canter;539 m/min;10 cm;4.49 m;S;-1.7 º (L);-2.4 º (F);1254.83;
1829;977.37;530 ms;3.4 G;canter;505 m/min;16 cm;4.46 m;S;0.6 º (R);-2.1 º (F);2374.53;
1830;977.91;540 ms;3.9 G;canter;470 m/min;19 cm;4.23 m;S;-4.6 º (L);0.2 º (B);2326.66;
1831;978.45;540 ms;3.7 G;canter;405 m/min;17 cm;3.65 m;S;-5.5 º (L);1.9 º (B);1719.04;
1832;978.94;490 ms;2.2 G;canter;356 m/min;12 cm;2.9 m;L;-4.5 º (L);-0.6 º (F);1231.62;
1833;979.42;480 ms;2.8 G;canter;347 m/min;11 cm;2.77 m;L;-3.8 º (L);-0.5 º (F);1260.01;
1834;979.89;470 ms;3 G;canter;334 m/min;11 cm;2.62 m;L;-4.4 º (L);-1.7 º (F);1297.43;
1835;981.12;230 ms;2 G;canter;397 m/min;7 cm;1.52 m;R;2.1 º (R);-3.2 º (F);474.23;
1836;981.63;510 ms;2.4 G;canter;370 m/min;8 cm;3.15 m;S;0.8 º (R);1.3 º (B);844.69;
1837;982.85;190 ms;2.1 G;canter;567 m/min;5 cm;1.8 m;R;14.8 º (R);-7.4 º (F);1215.74;
1838;983.47;620 ms;3.5 G;canter;527 m/min;7 cm;5.44 m;S;4.6 º (R);-3.6 º (F);1847.93;
1839;983.9;430 ms;2.7 G;canter;526 m/min;10 cm;3.77 m;S;-0.9 º (L);-7.3 º (F);1471.62;
1840;984.44;540 ms;3.6 G;canter;524 m/min;12 cm;4.71 m;S;-3.3 º (L);-1.9 º (F);2820.33;
1841;984.96;520 ms;3.9 G;canter;528 m/min;13 cm;4.58 m;S;-1.2 º (L);-1.2 º (F);2789.32;
1842;985.53;570 ms;2.5 G;canter;529 m/min;17 cm;5.03 m;S;5.8 º (R);0.7 º (B);2337.17;
1843;986.07;540 ms;4.3 G;canter;529 m/min;19 cm;4.76 m;S;6.6 º (R);-2 º (F);3902.36;
1844;986.57;500 ms;3.5 G;canter;538 m/min;12 cm;4.49 m;S;3 º (R);-5 º (F);2864.05;
1845;987.05;480 ms;2.5 G;canter;484 m/min;13 cm;3.87 m;S;0.6 º (R);0.2 º (B);2114.78;
1846;987.5;450 ms;2.9 G;canter;479 m/min;10 cm;3.59 m;S;6.1 º (R);-1 º (F);1717.05;
1847;988.75;200 ms;2.2 G;canter;539 m/min;8 cm;1.8 m;R;1.9 º (R);-9.5 º (F);1382.23;
1848;989.3;550 ms;3.6 G;canter;494 m/min;5 cm;4.53 m;R;3.8 º (R);-0.8 º (F);2052.26;
1849;989.74;440 ms;1.8 G;canter;538 m/min;4 cm;3.94 m;S;2.4 º (R);-6 º (F);881.93;
1850;990.25;510 ms;3 G;canter;547 m/min;8 cm;4.65 m;R;3.4 º (R);-5.2 º (F);2557.53;
1851;990.78;530 ms;3.1 G;canter;603 m/min;11 cm;5.32 m;R;4.9 º (R);-4.8 º (F);2721.32;
1852;991.3;520 ms;3.7 G;canter;606 m/min;12 cm;5.25 m;R;5.3 º (R);-6.7 º (F);3139.45;
1853;991.84;540 ms;3.7 G;canter;606 m/min;11 cm;5.46 m;R;5.7 º (R);-3.4 º (F);2054.14;
1854;992.4;560 ms;3.2 G;canter;577 m/min;14 cm;5.39 m;R;4.6 º (R);-2.7 º (F);3022.19;
1855;992.88;480 ms;2.9 G;canter;554 m/min;8 cm;4.43 m;R;2.9 º (R);-5.3 º (F);1645.91;
1856;993.45;570 ms;3.6 G;canter;570 m/min;14 cm;5.41 m;S;1.7 º (R);-5 º (F);3343.8;
1857;993.94;490 ms;2.8 G;canter;556 m/min;9 cm;4.54 m;R;1.6 º (R);-4.3 º (F);1754.86;