ID;Type;Stride height (m);Jump height (m);Length (m);Strike power (G);Avg. speed (m/min);Lateral balance (°);Straightness (°);Longitudinal balance (°);Max. take-off angle (°);Avg. energy kcal;BPM
-5;Stride;0.14;-;4.54;4.68;504;-0.01 (L) ;0.85 (R) ;-0.55 (F) ;;2.71;
-4;Stride;0.12;-;4.35;3.8;512;0.85 (R) ;0.85 (R) ;-0.48 (F) ;;2.66;
-3;Stride;0.15;-;4.58;3.66;500;0.68 (R) ;0.93 (R) ;1.33 (B) ;;3;
-2;Stride;0.12;-;4.35;3.9;533;1.55 (R) ;0.97 (R) ;0.25 (B) ;;2.85;
-1;Stride;0.07;-;3.29;2.49;506;2.51 (R) ;0.97 (R) ;-3.73 (F) ;;1.77;
6;Jump;-;1.64;7.65;5.68;468;6.19 (R) ;1.07 (R) ;undefined ;32.81;7.7;
1;Stride;0;-;0.4;3.44;598;6.71 (R) ;0.97 (R) ;-22.19 (F) ;;1.01;
2;Stride;0.03;-;2.67;2.96;553;5.37 (R) ;1.09 (R) ;1.87 (B) ;;2;
3;Stride;0.02;-;4.11;1.32;514;7.51 (R) ;1.13 (R) ;3.57 (B) ;;1.18;
4;Stride;0.04;-;4.18;2.86;522;3.8 (R) ;1.2 (R) ;0.85 (B) ;;1.43;
5;Stride;0.06;-;4.45;2.87;557;3.98 (R) ;1.26 (R) ;-1.48 (F) ;;2.03;
-5;Stride;0.11;-;4.47;3.86;537;10.3 (R) ;0.67 (R) ;-3.76 (F) ;;2.71;
-4;Stride;0.07;-;4.29;2.96;536;9.87 (R) ;0.52 (R) ;-3.82 (F) ;;2.47;
-3;Stride;0.13;-;5.28;4.15;556;6.5 (R) ;0.39 (R) ;-3.28 (F) ;;3.6;
-2;Stride;0.07;-;4.24;3.31;578;5.13 (R) ;0.21 (R) ;-1.73 (F) ;;1.94;
-1;Stride;0.08;-;3.69;2.91;554;6.5 (R) ;0.1 (R) ;-3.01 (F) ;;2.25;
7;Jump;-;1.73;9.3;5.07;536;7.03 (R) ;-0.13 (L) ;undefined ;28.19;8.67;
1;Stride;0.04;-;2.55;2.98;612;0.57 (R) ;-0.36 (L) ;-11.75 (F) ;;2.41;
2;Stride;0.06;-;5.53;1.85;614;6.81 (R) ;-0.31 (L) ;-4.47 (F) ;;2.49;
3;Stride;0.08;-;5.29;2.97;647;3.7 (R) ;-0.37 (L) ;-6.82 (F) ;;2.43;
4;Stride;0.12;-;6;3.36;643;2.24 (R) ;-0.36 (L) ;-4.56 (F) ;;3.91;
5;Stride;0.09;-;5.61;2.82;702;2.34 (R) ;-0.35 (L) ;-6.25 (F) ;;2.3;
-5;Stride;0.16;-;5.03;2.2;559;0.3 (R) ;1.06 (R) ;2.24 (B) ;;2.83;
-4;Stride;0.13;-;4.66;3.11;548;1.67 (R) ;1.17 (R) ;2.58 (B) ;;2.59;
-3;Stride;0.11;-;3.79;2.16;494;5.49 (R) ;1.23 (R) ;4.86 (B) ;;1.37;
-2;Stride;0.11;-;3.69;2.65;472;0.29 (R) ;1.36 (R) ;6.41 (B) ;;1.79;
-1;Stride;0.1;-;3.54;3.01;483;1.33 (R) ;1.51 (R) ;2.47 (B) ;;1.55;
8;Jump;-;1.86;8.5;5.44;464;3.41 (R) ;1.7 (R) ;undefined ;36.21;7.48;
1;Stride;0;-;0.38;2.38;572;10.42 (R) ;1.57 (R) ;-27.54 (F) ;;0.52;
2;Stride;0.03;-;2.6;2.28;520;6.63 (R) ;1.7 (R) ;0.95 (B) ;;1.99;
3;Stride;0.04;-;4.09;2.04;522;1.2 (R) ;1.92 (R) ;3.63 (B) ;;1.82;
4;Stride;0.05;-;4.14;2.21;552;1.47 (R) ;2.07 (R) ;0.51 (B) ;;2.14;
5;Stride;0.07;-;4.51;2.22;588;1.39 (R) ;2.19 (R) ;0.94 (B) ;;2.05;
-5;Stride;0.15;-;5.5;3.87;589;3 (R) ;1.13 (R) ;-4.95 (F) ;;4.33;
-4;Stride;0.21;-;5.73;3.09;583;0.97 (R) ;1.23 (R) ;-1.16 (F) ;;3.02;
-3;Stride;0.13;-;4.76;2.91;594;2.43 (R) ;1.3 (R) ;-2.65 (F) ;;2.93;
-2;Stride;0.08;-;4.08;2.48;532;3.67 (R) ;1.47 (R) ;-0.04 (F) ;;1.58;
-1;Stride;0.06;-;3.23;2.4;510;7.33 (R) ;1.56 (R) ;-0.23 (F) ;;1.27;
9;Jump;-;1.82;8.66;5.38;468;5.21 (R) ;1.65 (R) ;undefined ;32.86;8.53;
1;Stride;0.02;-;2.44;2.85;543;9.42 (R) ;1.73 (R) ;-0.13 (F) ;;1.76;
2;Stride;0.05;-;4.06;3.07;497;0.26 (R) ;1.9 (R) ;2.36 (B) ;;1.92;
3;Stride;0.08;-;4.42;1.94;531;-1.1 (L) ;2.09 (R) ;-0.44 (F) ;;1.96;
4;Stride;0.09;-;4.34;2.08;554;0.64 (R) ;2.23 (R) ;-2.39 (F) ;;2.14;
5;Stride;0.1;-;5.09;2.64;587;-0.85 (L) ;2.31 (R) ;-2.82 (F) ;;2.67;
-5;Stride;0.15;-;4.19;2.64;457;-3.39 (L) ;4.73 (R) ;3.18 (B) ;;2.68;
-4;Stride;0.14;-;4.16;2.59;480;-1.24 (L) ;4.73 (R) ;2.52 (B) ;;2.12;
-3;Stride;0.08;-;3.91;2;489;1.37 (R) ;4.69 (R) ;0.52 (B) ;;1.51;
-2;Stride;0.06;-;4.38;2.72;496;1.75 (R) ;4.63 (R) ;4.13 (B) ;;1.84;
-1;Stride;0.06;-;2.72;2.56;494;8.14 (R) ;4.65 (R) ;-0.02 (F) ;;1.1;
10;Jump;-;1.84;8.03;5.54;463;2.22 (R) ;4.6 (R) ;undefined ;32.08;5.61;
1;Stride;0.06;-;0.82;5.73;549;5.1 (R) ;4.53 (R) ;-29.18 (F) ;;3.24;
2;Stride;0.13;-;7.3;3.08;569;-3.25 (L) ;4.69 (R) ;-0.99 (F) ;;3.77;
3;Stride;0.16;-;4.58;2.88;508;-4.36 (L) ;4.8 (R) ;3.74 (B) ;;3.32;
4;Stride;0.13;-;3.81;1.95;466;-4.69 (L) ;2.35 (R) ;4.21 (B) ;;1.82;
5;Stride;0.11;-;4.03;2.25;448;-3.46 (L) ;-0.16 (L) ;1.96 (B) ;;2.4;
-5;Stride;0.16;-;4.58;2.88;508;-4.36 (L) ;4.8 (R) ;3.74 (B) ;;3.32;
-4;Stride;0.13;-;3.81;1.95;466;-4.69 (L) ;2.35 (R) ;4.21 (B) ;;1.82;
-3;Stride;0.11;-;4.03;2.25;448;-3.46 (L) ;-0.16 (L) ;1.96 (B) ;;2.4;
-2;Stride;0.04;-;3.03;2.26;466;-2.02 (L) ;-1.44 (L) ;0.66 (B) ;;1.21;
-1;Stride;0.07;-;3.54;2.87;482;3.84 (R) ;-1.37 (L) ;2.27 (B) ;;1.77;
11;Jump;-;1.83;8.15;4.68;441;2.99 (R) ;-1.34 (L) ;undefined ;32.13;8.42;
1;Stride;0.02;-;2.11;2.63;487;2.11 (R) ;-1.43 (L) ;0.49 (B) ;;1.9;
2;Stride;0.05;-;2.67;3.13;400;7.28 (R) ;-1.55 (L) ;3.85 (B) ;;1.77;
-2;Stride;0.02;-;2.11;2.63;487;2.11 (R) ;-1.43 (L) ;0.49 (B) ;;1.9;
-1;Stride;0.05;-;2.67;3.13;400;7.28 (R) ;-1.55 (L) ;3.85 (B) ;;1.77;
12;Jump;-;1.9;7.19;5.55;379;4.55 (R) ;-1.53 (L) ;undefined ;38.65;7.45;
1;Stride;0.01;-;2.13;1.46;473;4.15 (R) ;-1.53 (L) ;1.14 (B) ;;1.41;
2;Stride;0.04;-;3.83;2.11;468;11.84 (R) ;-1.46 (L) ;4.46 (B) ;;1.97;
3;Stride;0.03;-;3.9;1.86;520;13.45 (R) ;-1.43 (L) ;1.1 (B) ;;1.11;
4;Stride;0.06;-;3.94;2.89;463;7.53 (R) ;-1.57 (L) ;3.08 (B) ;;1.91;
5;Stride;0.09;-;4.19;3.98;503;5.7 (R) ;-1.52 (L) ;1.53 (B) ;;2.15;
-5;Stride;0.18;-;4.31;2.66;453;13.21 (R) ;4.39 (R) ;3.48 (B) ;;3;
-4;Stride;0.17;-;3.91;3.23;434;12.07 (R) ;4.98 (R) ;5.46 (B) ;;2.43;
-3;Stride;0.13;-;3.83;3.27;442;9.07 (R) ;4.93 (R) ;7.55 (B) ;;2.3;
-2;Stride;0.07;-;3.5;3.59;420;7.53 (R) ;4.87 (R) ;10.86 (B) ;;1.87;
-1;Stride;0.07;-;2.54;1.88;390;3.72 (R) ;4.84 (R) ;5.55 (B) ;;0.9;
13;Jump;-;1.9;5.87;4.42;304;3.51 (R) ;4.95 (R) ;undefined ;36.69;5.14;
1;Stride;0.02;-;1.83;2.01;366;-6 (L) ;4.87 (R) ;-8.2 (F) ;;0.64;
2;Stride;0.13;-;2.92;3.62;337;-0.17 (L) ;4.9 (R) ;-1.48 (F) ;;1.23;
3;Stride;0.14;-;3.02;3.01;349;4.56 (R) ;4.89 (R) ;3.08 (B) ;;1.58;
4;Stride;0.08;-;3.14;2.29;377;4.92 (R) ;4.96 (R) ;3.7 (B) ;;1.13;
5;Stride;0.08;-;2.47;2.16;390;8.22 (R) ;5.02 (R) ;0.88 (B) ;;0.7;
-5;Stride;0.02;-;1.83;2.01;366;-6 (L) ;4.87 (R) ;-8.2 (F) ;;0.64;
-4;Stride;0.13;-;2.92;3.62;337;-0.17 (L) ;4.9 (R) ;-1.48 (F) ;;1.23;
-3;Stride;0.14;-;3.02;3.01;349;4.56 (R) ;4.89 (R) ;3.08 (B) ;;1.58;
-2;Stride;0.08;-;3.14;2.29;377;4.92 (R) ;4.96 (R) ;3.7 (B) ;;1.13;
-1;Stride;0.08;-;2.47;2.16;390;8.22 (R) ;5.02 (R) ;0.88 (B) ;;0.7;
14;Jump;-;1.55;4.95;4.34;323;0.85 (R) ;5.05 (R) ;undefined ;31.19;4.35;
1;Stride;0.06;-;2.15;2.32;415;9.06 (R) ;4.91 (R) ;-5.6 (F) ;;1.68;
2;Stride;0.06;-;3.98;3.06;434;22.42 (R) ;5.04 (R) ;2.92 (B) ;;2.19;
3;Stride;0.06;-;4.26;3.13;521;18.25 (R) ;4.99 (R) ;0.31 (B) ;;1.63;
4;Stride;0.05;-;4.34;2.11;566;14.37 (R) ;4.97 (R) ;-2.4 (F) ;;1.37;
5;Stride;0.06;-;5.17;3.17;608;15.19 (R) ;5 (R) ;-3.4 (F) ;;2.4;
-5;Stride;0.21;-;4.7;2.9;504;2.12 (R) ;4.65 (R) ;-1.47 (F) ;;3.49;
-4;Stride;0.14;-;3.77;2.33;452;-1.68 (L) ;4.87 (R) ;-0.28 (F) ;;2.49;
-3;Stride;0.13;-;3.82;2.16;425;-0.75 (L) ;5.08 (R) ;-0.55 (F) ;;2.23;
-2;Stride;0.07;-;2.97;2.2;435;1.76 (R) ;5.3 (R) ;-1.95 (F) ;;0.98;
-1;Stride;0.1;-;3.33;3.16;454;3.71 (R) ;5.34 (R) ;-4.17 (F) ;;2.01;
15;Jump;-;1.7;7.14;4.79;420;3.13 (R) ;5.36 (R) ;undefined ;28.41;5.48;
1;Stride;0.04;-;2.42;3.91;501;8.66 (R) ;5.19 (R) ;-11.23 (F) ;;2.8;
2;Stride;0.07;-;4.91;2.59;475;6.37 (R) ;5.25 (R) ;-0.59 (F) ;;2.26;
3;Stride;0.04;-;3.87;1.55;539;9.59 (R) ;5.24 (R) ;-3.41 (F) ;;1.35;
4;Stride;0.05;-;3.46;2.27;546;14.53 (R) ;5.3 (R) ;-1.81 (F) ;;1.66;
5;Stride;0.13;-;5.32;3.39;560;12.85 (R) ;5.29 (R) ;1.6 (B) ;;3.24;
-5;Stride;0.18;-;3.75;3.12;416;2.08 (R) ;5.48 (R) ;-1.24 (F) ;;2.1;
-4;Stride;0.17;-;3.48;2.17;394;2.52 (R) ;5.49 (R) ;-1.17 (F) ;;2.04;
-3;Stride;0.15;-;3.19;2.1;368;3.2 (R) ;5.4 (R) ;0.38 (B) ;;1.8;
-2;Stride;0.07;-;2.79;2.95;381;4.8 (R) ;5.31 (R) ;-0.99 (F) ;;1.05;
-1;Stride;0.06;-;2.88;2.38;393;5.81 (R) ;5.31 (R) ;-1.27 (F) ;;1.72;
16;Jump;-;1.67;6.15;5.84;348;1.08 (R) ;5.54 (R) ;undefined ;28.24;6.21;
1;Stride;0.03;-;1.55;2.47;310;4.99 (R) ;5.57 (R) ;-1.2 (F) ;;0.96;
2;Stride;0.06;-;2.14;1.37;262;1.24 (R) ;3.06 (R) ;4.18 (B) ;;0.81;
3;Stride;0.06;-;2.46;1.61;308;3.74 (R) ;0.12 (R) ;4.06 (B) ;;1.22;
4;Stride;0.07;-;2.9;3.54;386;11.55 (R) ;-0.73 (L) ;0.26 (B) ;;1.95;
-4;Stride;0.03;-;1.55;2.47;310;4.99 (R) ;5.57 (R) ;-1.2 (F) ;;0.96;
-3;Stride;0.06;-;2.14;1.37;262;1.24 (R) ;3.06 (R) ;4.18 (B) ;;0.81;
-2;Stride;0.06;-;2.46;1.61;308;3.74 (R) ;0.12 (R) ;4.06 (B) ;;1.22;
-1;Stride;0.07;-;2.9;3.54;386;11.55 (R) ;-0.73 (L) ;0.26 (B) ;;1.95;
17;Jump;-;1.5;6.59;3.1;425;10.02 (R) ;-0.7 (L) ;undefined ;35.33;4.81;
1;Stride;0.01;-;0.3;1.15;443;5.16 (R) ;-0.81 (L) ;-10.37 (F) ;;0.14;
2;Stride;0.16;-;4.34;3.32;377;8.58 (R) ;-0.78 (L) ;-0.08 (F) ;;3.04;
3;Stride;0.03;-;3.33;1.85;363;7.08 (R) ;-0.82 (L) ;10.24 (B) ;;2.81;
4;Stride;0.04;-;2.15;2.01;379;-1.32 (L) ;-1.01 (L) ;9.64 (B) ;;1.09;
-4;Stride;0.01;-;0.3;1.15;443;5.16 (R) ;-0.81 (L) ;-10.37 (F) ;;0.14;
-3;Stride;0.16;-;4.34;3.32;377;8.58 (R) ;-0.78 (L) ;-0.08 (F) ;;3.04;
-2;Stride;0.03;-;3.33;1.85;363;7.08 (R) ;-0.82 (L) ;10.24 (B) ;;2.81;
-1;Stride;0.04;-;2.15;2.01;379;-1.32 (L) ;-1.01 (L) ;9.64 (B) ;;1.09;
18;Jump;-;1.91;6.48;4.23;330;6.37 (R) ;-0.93 (L) ;undefined ;32.87;3.65;
1;Stride;0.02;-;0.55;2.51;410;11.86 (R) ;-1.16 (L) ;-27.71 (F) ;;0.93;
2;Stride;0.02;-;2.41;2.05;344;3.32 (R) ;-1.13 (L) ;-3.71 (F) ;;1.34;
3;Stride;0.06;-;2.31;1.04;330;-2.47 (L) ;-1.15 (L) ;-5.16 (F) ;;0.39;
4;Stride;0.06;-;2.91;1.82;388;1.73 (R) ;-1.07 (L) ;-10.62 (F) ;;1.12;
5;Stride;0.09;-;3.88;2.97;456;4.45 (R) ;-0.99 (L) ;-13.54 (F) ;;1.79;
-5;Stride;0.07;-;3.29;3.21;402;6.54 (R) ;-0.35 (L) ;1.97 (B) ;;3.54;
-4;Stride;0.16;-;5.11;3.18;426;7.63 (R) ;-0.6 (L) ;1.51 (B) ;;4.82;
-3;Stride;0.06;-;2.62;1.87;392;2.17 (R) ;-0.61 (L) ;2.68 (B) ;;0.94;
-2;Stride;0.04;-;2.91;4.14;425;4.73 (R) ;-0.65 (L) ;-3.93 (F) ;;1.96;
-1;Stride;0.05;-;3.16;2.69;486;10.5 (R) ;-0.7 (L) ;-2.53 (F) ;;1.86;
19;Jump;-;1.73;8.4;5.25;462;12.47 (R) ;-0.83 (L) ;undefined ;30.07;9.45;
1;Stride;0.03;-;2.09;1.89;447;6.63 (R) ;-0.88 (L) ;-1.95 (F) ;;1.23;
2;Stride;0.06;-;3.2;2.48;377;-1.22 (L) ;-0.75 (L) ;0.55 (B) ;;1.99;
3;Stride;0.09;-;3.05;2.38;374;0.31 (R) ;-0.57 (L) ;3.16 (B) ;;2.1;
4;Stride;0.1;-;3.2;3.18;384;5.36 (R) ;-0.58 (L) ;4.06 (B) ;;2.51;
5;Stride;0.11;-;3.01;4.43;402;7.89 (R) ;-0.6 (L) ;1.47 (B) ;;2.61;
-5;Stride;0.03;-;2.09;1.89;447;6.63 (R) ;-0.88 (L) ;-1.95 (F) ;;1.23;
-4;Stride;0.06;-;3.2;2.48;377;-1.22 (L) ;-0.75 (L) ;0.55 (B) ;;1.99;
-3;Stride;0.09;-;3.05;2.38;374;0.31 (R) ;-0.57 (L) ;3.16 (B) ;;2.1;
-2;Stride;0.1;-;3.2;3.18;384;5.36 (R) ;-0.58 (L) ;4.06 (B) ;;2.51;
-1;Stride;0.11;-;3.01;4.43;402;7.89 (R) ;-0.6 (L) ;1.47 (B) ;;2.61;
20;Jump;-;1.68;6.94;6.48;417;8.61 (R) ;-0.6 (L) ;undefined ;30.74;6.17;
1;Stride;0.07;-;2.24;3.06;394;-3.36 (L) ;-0.82 (L) ;-11.7 (F) ;;1;
2;Stride;0.1;-;2.86;2.51;365;-0.17 (L) ;-1.01 (L) ;-7.39 (F) ;;1.45;
3;Stride;0.23;-;3.84;5.21;360;-0.92 (L) ;-0.99 (L) ;3.51 (B) ;;3.72;
4;Stride;0.16;-;3.49;2.49;381;4.35 (R) ;-0.91 (L) ;2.24 (B) ;;2.12;
5;Stride;0.13;-;3.32;2.21;391;1.76 (R) ;-0.84 (L) ;-0.37 (F) ;;1.27;
-5;Stride;0.16;-;3.49;2.49;381;4.35 (R) ;-0.91 (L) ;2.24 (B) ;;2.12;
-4;Stride;0.13;-;3.32;2.21;391;1.76 (R) ;-0.84 (L) ;-0.37 (F) ;;1.27;
-3;Stride;0.09;-;3.11;2.24;381;0.01 (R) ;-0.89 (L) ;0.33 (B) ;;1.17;
-2;Stride;0.06;-;3.11;2.66;388;3.02 (R) ;-0.86 (L) ;-2.11 (F) ;;2.02;
-1;Stride;0;-;0.08;-0.24;496;9.09 (R) ;-0.95 (L) ;-29.9 (F) ;;0;
21;Jump;-;1.76;6.64;4.77;362;9.18 (R) ;-0.72 (L) ;undefined ;36.45;8;
1;Stride;0.06;-;2.72;2.54;441;4.74 (R) ;-0.84 (L) ;-3.21 (F) ;;1.96;
2;Stride;0.1;-;3;2.72;400;-2.03 (L) ;-0.79 (L) ;-0.36 (F) ;;1.18;
3;Stride;0.18;-;3.79;2.55;385;0.55 (R) ;-0.72 (L) ;1.57 (B) ;;1.84;
4;Stride;0.07;-;3.65;2.72;384;5.65 (R) ;-0.6 (L) ;9.41 (B) ;;3.54;
5;Stride;0.1;-;2.27;1.87;358;13.27 (R) ;-0.57 (L) ;10.24 (B) ;;1.63;
-5;Stride;0.06;-;2.72;2.54;441;4.74 (R) ;-0.84 (L) ;-3.21 (F) ;;1.96;
-4;Stride;0.1;-;3;2.72;400;-2.03 (L) ;-0.79 (L) ;-0.36 (F) ;;1.18;
-3;Stride;0.18;-;3.79;2.55;385;0.55 (R) ;-0.72 (L) ;1.57 (B) ;;1.84;
-2;Stride;0.07;-;3.65;2.72;384;5.65 (R) ;-0.6 (L) ;9.41 (B) ;;3.54;
-1;Stride;0.1;-;2.27;1.87;358;13.27 (R) ;-0.57 (L) ;10.24 (B) ;;1.63;
22;Jump;-;1.76;5.12;3.39;317;4.12 (R) ;-0.55 (L) ;undefined ;34.42;3.8;
1;Stride;0.11;-;0.88;3.85;331;0.76 (R) ;-0.47 (L) ;-29.27 (F) ;;1.99;
2;Stride;0.08;-;4.75;2.52;390;9.91 (R) ;-0.67 (L) ;4.85 (B) ;;2.83;
3;Stride;0.04;-;3.91;2.96;488;14.49 (R) ;-0.92 (L) ;1.94 (B) ;;1.75;
4;Stride;0.06;-;4.23;3.35;529;11.14 (R) ;-0.98 (L) ;3.31 (B) ;;1.83;
5;Stride;0.06;-;4.52;3.04;553;12.9 (R) ;-1 (L) ;1.53 (B) ;;2.08;
-5;Stride;0.16;-;5.43;4.41;615;4.8 (R) ;5.05 (R) ;5.37 (B) ;;3.03;
-4;Stride;0.15;-;5.17;3.33;564;4.65 (R) ;4.95 (R) ;6.99 (B) ;;2.87;
-3;Stride;0.15;-;4.94;3.68;519;4.01 (R) ;4.77 (R) ;8.81 (B) ;;2.65;
-2;Stride;0.09;-;3.85;3.61;471;1.65 (R) ;4.62 (R) ;8.28 (B) ;;1.7;
-1;Stride;0.08;-;4.84;2.92;461;3.11 (R) ;4.42 (R) ;10 (B) ;;3.63;
23;Jump;-;1.83;9.93;5.62;458;6.42 (R) ;4.18 (R) ;undefined ;43;8.79;
1;Stride;0.02;-;2.2;1.95;490;4.93 (R) ;4.45 (R) ;-2.49 (F) ;;1.6;
2;Stride;0.06;-;4.24;2.23;489;4.84 (R) ;4.33 (R) ;3.15 (B) ;;1.92;
3;Stride;0.07;-;4.26;2.69;501;2.9 (R) ;4.35 (R) ;2.22 (B) ;;2.46;
4;Stride;0.1;-;4.38;2.02;516;5.46 (R) ;4.46 (R) ;-0.01 (F) ;;2.76;
5;Stride;0.08;-;3.91;2.88;499;3.01 (R) ;4.58 (R) ;-0.16 (F) ;;1.77;
-5;Stride;0.15;-;4.39;3.02;488;4.47 (R) ;5.09 (R) ;-1.48 (F) ;;2.43;
-4;Stride;0.1;-;3.98;2.96;459;3.84 (R) ;5.07 (R) ;2.26 (B) ;;2.58;
-3;Stride;0.05;-;3.55;2.17;453;2.36 (R) ;5.22 (R) ;0.72 (B) ;;1.73;
-2;Stride;0.06;-;3.47;2.37;473;3.01 (R) ;5.44 (R) ;0.23 (B) ;;1.42;
-1;Stride;0.1;-;3.63;3.66;483;7.83 (R) ;5.44 (R) ;-1.47 (F) ;;2.05;
24;Jump;-;1.65;8.96;5.64;512;10.47 (R) ;5.49 (R) ;undefined ;27.7;8.56;
1;Stride;0.03;-;2.33;3.45;482;6.86 (R) ;5.61 (R) ;-9.59 (F) ;;1.35;
2;Stride;0.06;-;3.59;2.56;399;-0.35 (L) ;5.78 (R) ;-1.66 (F) ;;2.13;
3;Stride;0.05;-;2.32;1.4;435;7.18 (R) ;5.82 (R) ;-5.42 (F) ;;0.65;
4;Stride;0;-;0.08;-0.64;506;12.42 (R) ;5.76 (R) ;-26.48 (F) ;;0;
-4;Stride;0.03;-;2.33;3.45;482;6.86 (R) ;5.61 (R) ;-9.59 (F) ;;1.35;
-3;Stride;0.06;-;3.59;2.56;399;-0.35 (L) ;5.78 (R) ;-1.66 (F) ;;2.13;
-2;Stride;0.05;-;2.32;1.4;435;7.18 (R) ;5.82 (R) ;-5.42 (F) ;;0.65;
-1;Stride;0;-;0.08;-0.64;506;12.42 (R) ;5.76 (R) ;-26.48 (F) ;;0;
25;Jump;-;1.76;7.85;5.39;436;9.86 (R) ;6 (R) ;undefined ;29.36;7.37;
1;Stride;0.03;-;2.67;2.42;500;8.1 (R) ;5.67 (R) ;-2.7 (F) ;;2.1;
2;Stride;0.08;-;4.25;2.18;500;5.81 (R) ;5.68 (R) ;-1.23 (F) ;;1.97;
3;Stride;0.06;-;3.94;1.68;514;-0.17 (L) ;5.69 (R) ;-6.14 (F) ;;2.34;
4;Stride;0.08;-;4.7;2.24;552;5.33 (R) ;5.63 (R) ;-4.96 (F) ;;2.18;
5;Stride;0.05;-;4.62;2.4;645;4.89 (R) ;2.61 (R) ;-7.26 (F) ;;2.37;
-5;Stride;0.14;-;4.39;3.27;507;3.58 (R) ;5.08 (R) ;1.87 (B) ;;2.26;
-4;Stride;0.18;-;4.24;5.34;462;0.87 (R) ;5.15 (R) ;-0.19 (F) ;;3.41;
-3;Stride;0.09;-;4.04;3.23;457;4.81 (R) ;5.17 (R) ;1.25 (B) ;;1.89;
-2;Stride;0.07;-;3.45;2.18;460;8.13 (R) ;5.04 (R) ;3.52 (B) ;;1.46;
-1;Stride;0.09;-;3.35;1.88;490;9.82 (R) ;4.99 (R) ;0.13 (B) ;;1.15;
26;Jump;-;1.63;8.04;6.88;459;-3.36 (L) ;4.81 (R) ;undefined ;31.94;6.2;
1;Stride;0.01;-;2;2.08;443;-1.66 (L) ;4.89 (R) ;-3.08 (F) ;;1.27;
2;Stride;0.06;-;3.96;2.97;475;18.83 (R) ;4.56 (R) ;1.92 (B) ;;1.96;
3;Stride;0.07;-;4.89;2.27;576;18.44 (R) ;3.53 (R) ;7.8 (B) ;;1.67;
4;Stride;0.08;-;4.95;2.73;594;15.67 (R) ;3.14 (R) ;6.38 (B) ;;1.84;
5;Stride;0.08;-;5.2;2.82;588;12.02 (R) ;2.89 (R) ;6.85 (B) ;;2.62;
-5;Stride;0.08;-;3.94;3.17;502;14.08 (R) ;0.72 (R) ;8.88 (B) ;;1.84;
-4;Stride;0.07;-;4.41;2.69;499;11.63 (R) ;0.3 (R) ;12.07 (B) ;;1.59;
-3;Stride;0.05;-;3.7;2.69;463;10.27 (R) ;-0.1 (L) ;13.02 (B) ;;1.68;
-2;Stride;0.05;-;2.71;2.41;465;11.02 (R) ;-0.35 (L) ;9.81 (B) ;;1.04;
-1;Stride;0;-;0.08;1.78;510;7.7 (R) ;-0.72 (L) ;-22.58 (F) ;;0.18;
27;Jump;-;1.87;8.08;6.3;425;14.35 (R) ;-0.77 (L) ;undefined ;40.57;8.04;
1;Stride;0.02;-;2.25;2.57;408;8.69 (R) ;-0.75 (L) ;6.91 (B) ;;1.88;
2;Stride;0.08;-;3.18;2.65;414;9.79 (R) ;-0.78 (L) ;7.33 (B) ;;1.03;
3;Stride;0.15;-;3.73;2.8;386;6.06 (R) ;-0.71 (L) ;7.57 (B) ;;1.56;
4;Stride;0.09;-;3.59;4.45;479;14.61 (R) ;-0.86 (L) ;4.66 (B) ;;1.36;
5;Stride;0.12;-;4.3;4.22;487;17.17 (R) ;-0.81 (L) ;4.03 (B) ;;2.39;
-5;Stride;0.11;-;3.79;2.87;455;15.36 (R) ;-0.94 (L) ;9.47 (B) ;;2.06;
-4;Stride;0.09;-;3.84;2.69;443;19.38 (R) ;-1.05 (L) ;11.51 (B) ;;1.89;
-3;Stride;0.07;-;3.87;3.25;464;19.13 (R) ;-1.06 (L) ;13.56 (B) ;;2.14;
-2;Stride;0.07;-;3.91;3.14;460;11.34 (R) ;-0.94 (L) ;11.85 (B) ;;2.29;
-1;Stride;0.06;-;2.58;1.53;442;9.88 (R) ;-0.87 (L) ;9.37 (B) ;;0.96;
28;Jump;-;1.77;7.09;5.53;383;9.52 (R) ;-0.65 (L) ;undefined ;45.08;6.61;
1;Stride;0.03;-;1.75;2.21;351;3.96 (R) ;-0.75 (L) ;2.21 (B) ;;1.34;
2;Stride;0.11;-;2.28;5.56;279;5.31 (R) ;-0.62 (L) ;11.5 (B) ;;1.39;
3;Stride;0.11;-;1.94;3.83;291;11.67 (R) ;-0.64 (L) ;7.64 (B) ;;1.31;
4;Stride;0.23;-;1.9;3.99;187;7 (R) ;-0.66 (L) ;8.6 (B) ;;1.58;
5;Stride;0.1;-;0.97;1.55;107;-0.88 (L) ;2.62 (R) ;0.29 (B) ;;0.19;
-5;Stride;0.13;-;3.2;2.56;349;24.92 (R) ;-1.31 (L) ;7.52 (B) ;;1.21;
-4;Stride;0.11;-;3.18;1.99;353;23.44 (R) ;-1.37 (L) ;5.72 (B) ;;1.13;
-3;Stride;0.09;-;3.57;2.43;397;22.81 (R) ;-1.31 (L) ;3.88 (B) ;;1.39;
-2;Stride;0.06;-;3.59;2.13;449;11.25 (R) ;3.39 (R) ;2.47 (B) ;;0.92;
-1;Stride;0.06;-;3.01;2.19;440;6.92 (R) ;5.01 (R) ;2.91 (B) ;;1.27;
29;Jump;-;1.82;7.7;5.55;409;7.77 (R) ;5.18 (R) ;undefined ;36.97;7.09;
1;Stride;0.02;-;2.07;1.74;444;3.7 (R) ;0.07 (R) ;-2.1 (F) ;;1.93;
2;Stride;0.03;-;3.22;1.6;379;-3.31 (L) ;-0.91 (L) ;3.72 (B) ;;2.3;
3;Stride;0.04;-;3.6;3.38;423;-3.1 (L) ;-0.83 (L) ;3.37 (B) ;;2.35;
4;Stride;0.04;-;3.6;2.86;480;0.46 (R) ;-0.91 (L) ;-1.2 (F) ;;2.26;
5;Stride;0.06;-;4.27;2.4;545;6.31 (R) ;-0.94 (L) ;-3.53 (F) ;;1.9;
-5;Stride;0.11;-;4.4;2.12;498;0.16 (R) ;-0.75 (L) ;-5.13 (F) ;;2.6;
-4;Stride;0.08;-;3.95;1.83;526;0.22 (R) ;-0.85 (L) ;-4.98 (F) ;;1.98;
-3;Stride;0.13;-;4.63;2;534;1.2 (R) ;-0.79 (L) ;-4.17 (F) ;;2.36;
-2;Stride;0.08;-;4.2;3.72;536;3.45 (R) ;-0.52 (L) ;-4.22 (F) ;;2.54;
-1;Stride;0.07;-;3.39;3.09;536;7.75 (R) ;-0.31 (L) ;-5.28 (F) ;;1.91;
30;Jump;-;1.73;8.57;4.06;489;7.39 (R) ;-0.17 (L) ;undefined ;28.28;6.63;
1;Stride;0.04;-;3.01;3.06;547;12.24 (R) ;0.05 (R) ;-12.02 (F) ;;3.5;
2;Stride;0.05;-;4.65;2.14;527;4.98 (R) ;0.15 (R) ;-5.79 (F) ;;1.94;
3;Stride;0.06;-;3.81;2.77;544;8.12 (R) ;0.28 (R) ;-6.58 (F) ;;1.67;
4;Stride;0.1;-;4.84;2.92;570;6.56 (R) ;0.29 (R) ;-7.58 (F) ;;2.57;
5;Stride;0.16;-;5.74;3.83;604;5.42 (R) ;0.35 (R) ;-4.93 (F) ;;3.27;
-5;Stride;0.1;-;4.28;3.01;494;10.24 (R) ;-0.38 (L) ;2.86 (B) ;;1.62;
-4;Stride;0.13;-;4.33;2.42;500;9.41 (R) ;-0.62 (L) ;2.26 (B) ;;2.5;
-3;Stride;0.1;-;4.33;3.4;490;9.74 (R) ;-0.95 (L) ;5.63 (B) ;;2.19;
-2;Stride;0.11;-;4.42;2.89;509;10.6 (R) ;-1.06 (L) ;5.46 (B) ;;2.35;
-1;Stride;0.07;-;3.08;2.81;485;11.13 (R) ;-0.99 (L) ;3.3 (B) ;;1.78;
31;Jump;-;1.8;6.9;4.24;402;9.96 (R) ;-1 (L) ;undefined ;40.11;5.25;
1;Stride;0.07;-;0.94;4.2;403;-3.07 (L) ;-1.2 (L) ;-23.67 (F) ;;2.23;
2;Stride;0.07;-;5.46;1.67;442;2.63 (R) ;-1.26 (L) ;3.8 (B) ;;3.04;
3;Stride;0.06;-;4.33;2.46;541;8.68 (R) ;-1.32 (L) ;-4.23 (F) ;;1.39;
4;Stride;0.07;-;4.91;2.39;536;11.64 (R) ;-1.12 (L) ;0.72 (B) ;;2.24;
5;Stride;0.08;-;4.99;3.16;575;11.36 (R) ;-0.98 (L) ;0.34 (B) ;;2.03;
-5;Stride;0.18;-;3.58;2.36;398;-0.16 (L) ;-0.76 (L) ;-4.23 (F) ;;2.04;
-4;Stride;0.22;-;3.78;2.82;384;0.37 (R) ;-0.78 (L) ;-0.88 (F) ;;2.42;
-3;Stride;0.15;-;3.34;2.94;401;3.84 (R) ;-0.98 (L) ;-4.06 (F) ;;1.85;
-2;Stride;0.1;-;3.36;3.11;403;2.65 (R) ;-0.98 (L) ;4.09 (B) ;;1.93;
-1;Stride;0.09;-;3.16;2.22;404;4.15 (R) ;-0.86 (L) ;6.51 (B) ;;1.82;
32;Jump;-;1.58;5.96;5.71;354;-0.7 (L) ;-0.74 (L) ;undefined ;25.67;3.02;
1;Stride;0.05;-;2.08;3.28;366;-3.29 (L) ;-1.07 (L) ;-10.36 (F) ;;0.76;
2;Stride;0.05;-;2.8;2.08;357;5.81 (R) ;-1.01 (L) ;1.71 (B) ;;1.35;
3;Stride;0.08;-;2.77;2.72;406;4.5 (R) ;-1.05 (L) ;2.2 (B) ;;1.42;
-3;Stride;0.05;-;2.08;3.28;366;-3.29 (L) ;-1.07 (L) ;-10.36 (F) ;;0.76;
-2;Stride;0.05;-;2.8;2.08;357;5.81 (R) ;-1.01 (L) ;1.71 (B) ;;1.35;
-1;Stride;0.08;-;2.77;2.72;406;4.5 (R) ;-1.05 (L) ;2.2 (B) ;;1.42;
33;Jump;-;1.61;7.48;4.51;436;7.5 (R) ;-1 (L) ;undefined ;31.78;5.9;
1;Stride;0.02;-;2.47;2.54;463;0.28 (R) ;-1.06 (L) ;-3.89 (F) ;;1.52;
2;Stride;0.04;-;2.52;1.62;432;-7.51 (L) ;-1.02 (L) ;-7.15 (F) ;;0.96;
3;Stride;0.06;-;4.54;2.32;433;-8.11 (L) ;-0.95 (L) ;1.82 (B) ;;1.99;
4;Stride;0.04;-;3.62;2.7;473;-0.77 (L) ;-0.84 (L) ;-0.29 (F) ;;1.93;
5;Stride;0.06;-;4.33;2.43;519;3.63 (R) ;-0.83 (L) ;-2.26 (F) ;;1.95;
-5;Stride;0.18;-;3.26;2.69;321;0.64 (R) ;0.64 (R) ;0.31 (B) ;;2.68;
-4;Stride;0.07;-;2.97;2.88;336;3.39 (R) ;0.7 (R) ;-0.95 (F) ;;1.39;
-3;Stride;0.1;-;3.14;2.81;385;2.92 (R) ;0.7 (R) ;-4.09 (F) ;;1.36;
-2;Stride;0.17;-;3.97;4.27;434;3.27 (R) ;0.81 (R) ;-1.82 (F) ;;2.79;
-1;Stride;0.08;-;2.8;2.28;442;6.58 (R) ;0.81 (R) ;-6.7 (F) ;;1.63;
34;Jump;-;1.6;6.42;5.1;381;5.77 (R) ;0.75 (R) ;undefined ;22.23;6.04;
1;Stride;0.04;-;1.77;1.31;407;6.07 (R) ;1.12 (R) ;-22.26 (F) ;;0.47;
2;Stride;0.13;-;3.24;3.38;347;1.03 (R) ;1.1 (R) ;-4.35 (F) ;;2.08;
3;Stride;0.17;-;3.01;2.09;347;1.95 (R) ;1.22 (R) ;-6.11 (F) ;;0.91;
4;Stride;0.08;-;2.59;2.44;331;-2.65 (L) ;1.49 (R) ;-12.62 (F) ;;0.62;
5;Stride;0.17;-;3.04;4.51;326;-1.49 (L) ;1.9 (R) ;-5.33 (F) ;;2.98;
-5;Stride;0.17;-;3.01;2.09;347;1.95 (R) ;1.22 (R) ;-6.11 (F) ;;0.91;
-4;Stride;0.08;-;2.59;2.44;331;-2.65 (L) ;1.49 (R) ;-12.62 (F) ;;0.62;
-3;Stride;0.17;-;3.04;4.51;326;-1.49 (L) ;1.9 (R) ;-5.33 (F) ;;2.98;
-2;Stride;0.15;-;2.69;3.45;305;3.37 (R) ;2.07 (R) ;-0.65 (F) ;;1.81;
-1;Stride;0.1;-;2.64;3.1;304;7.94 (R) ;2.34 (R) ;-2.83 (F) ;;1.65;
35;Jump;-;1.49;4.68;2.63;299;2.96 (R) ;2.4 (R) ;undefined ;25.57;2.49;
1;Stride;0.03;-;0.34;3.14;290;8.26 (R) ;2.61 (R) ;-23.88 (F) ;;1.03;
2;Stride;0.05;-;2.64;1.83;377;7.84 (R) ;2.37 (R) ;-5.44 (F) ;;1.53;
3;Stride;0.05;-;3.07;2.35;383;9.92 (R) ;2.09 (R) ;-0.38 (F) ;;1.52;
4;Stride;0.05;-;3.14;2.2;401;6.33 (R) ;1.9 (R) ;1.26 (B) ;;1.23;
5;Stride;0.04;-;3.07;2.58;384;3.29 (R) ;1.74 (R) ;4.6 (B) ;;2.12;
-5;Stride;0.03;-;0.34;3.14;290;8.26 (R) ;2.61 (R) ;-23.88 (F) ;;1.03;
-4;Stride;0.05;-;2.64;1.83;377;7.84 (R) ;2.37 (R) ;-5.44 (F) ;;1.53;
-3;Stride;0.05;-;3.07;2.35;383;9.92 (R) ;2.09 (R) ;-0.38 (F) ;;1.52;
-2;Stride;0.05;-;3.14;2.2;401;6.33 (R) ;1.9 (R) ;1.26 (B) ;;1.23;
-1;Stride;0.04;-;3.07;2.58;384;3.29 (R) ;1.74 (R) ;4.6 (B) ;;2.12;
36;Jump;-;1.8;6.38;3.71;358;-1.17 (L) ;1.34 (R) ;undefined ;37.59;3.57;
1;Stride;0.1;-;0.93;5.31;370;-7.9 (L) ;1.5 (R) ;-18.75 (F) ;;2.71;
2;Stride;0.08;-;5.41;3.02;422;6.74 (R) ;1.4 (R) ;11.37 (B) ;;2.83;
3;Stride;0.08;-;7.68;1.39;518;9.92 (R) ;1.24 (R) ;6.46 (B) ;;2.13;
4;Stride;0.04;-;4.84;2.4;538;7.77 (R) ;1.09 (R) ;6.22 (B) ;;2.24;
5;Stride;0.07;-;4.62;2.69;554;6.96 (R) ;0.97 (R) ;6.81 (B) ;;2.09;
-5;Stride;0.22;-;3.7;3.14;352;-3.74 (L) ;2.88 (R) ;11.11 (B) ;;1.92;
-4;Stride;0.12;-;2.62;3.27;296;-5.81 (L) ;2.93 (R) ;7.38 (B) ;;0.69;
-3;Stride;0.12;-;2.07;3.35;230;-5.62 (L) ;3.13 (R) ;2.54 (B) ;;0.76;
-2;Stride;0.15;-;2.21;2.68;255;-3.94 (L) ;3.53 (R) ;0.9 (B) ;;1.12;
-1;Stride;0.1;-;1.95;3;272;-1.93 (L) ;3.63 (R) ;-0.05 (F) ;;0.76;
37;Jump;-;1.78;5.68;4.42;315;9.39 (R) ;3.62 (R) ;undefined ;38.42;4.54;
1;Stride;0.01;-;2.18;2.64;452;12.14 (R) ;4.04 (R) ;-0.27 (F) ;;1.18;
2;Stride;0.03;-;3.59;2.61;414;2.28 (R) ;4.08 (R) ;0.57 (B) ;;1.44;
3;Stride;0.06;-;3.35;2.59;437;2.01 (R) ;4.25 (R) ;-3.94 (F) ;;1.02;
4;Stride;0.08;-;3.33;2.68;425;2.2 (R) ;4.36 (R) ;-3.82 (F) ;;1.3;
5;Stride;0.1;-;4.21;3.62;468;3.93 (R) ;4.48 (R) ;-0.83 (F) ;;2.01;
-5;Stride;0.19;-;4.23;3.92;470;-4.61 (L) ;5.22 (R) ;0.21 (B) ;;3.11;
-4;Stride;0.17;-;3.65;3.73;405;-5.53 (L) ;5.26 (R) ;1.93 (B) ;;2.3;
-3;Stride;0.12;-;2.9;2.24;356;-4.49 (L) ;5.47 (R) ;-0.56 (F) ;;1.65;
-2;Stride;0.11;-;2.77;2.83;347;-3.76 (L) ;5.69 (R) ;-0.46 (F) ;;1.69;
-1;Stride;0.11;-;2.62;3.03;334;-4.37 (L) ;5.77 (R) ;-1.75 (F) ;;1.74;
38;Jump;-;1.53;5.99;4.03;359;-2.62 (L) ;5.78 (R) ;undefined ;28.68;4.14;
1;Stride;0.07;-;1.52;1.97;397;2.07 (R) ;5.67 (R) ;-3.17 (F) ;;0.63;
2;Stride;0.08;-;3.15;2.35;370;0.79 (R) ;5.74 (R) ;1.29 (B) ;;1.13;
-2;Stride;0.07;-;1.52;1.97;397;2.07 (R) ;5.67 (R) ;-3.17 (F) ;;0.63;
-1;Stride;0.08;-;3.15;2.35;370;0.79 (R) ;5.74 (R) ;1.29 (B) ;;1.13;
39;Jump;-;1.55;7.23;4.44;421;9.89 (R) ;1.48 (R) ;undefined ;39.75;6.04;
1;Stride;0.05;-;1.8;2.1;567;14.82 (R) ;-0.72 (L) ;-7.38 (F) ;;1.63;
2;Stride;0.07;-;5.44;3.52;527;4.57 (R) ;0.47 (R) ;-3.61 (F) ;;2.47;
3;Stride;0.1;-;3.77;2.68;526;-0.94 (L) ;-0.63 (L) ;-7.31 (F) ;;1.97;
4;Stride;0.12;-;4.71;3.55;524;-3.28 (L) ;-0.53 (L) ;-1.9 (F) ;;3.77;
5;Stride;0.13;-;4.58;3.86;528;-1.21 (L) ;-0.49 (L) ;-1.24 (F) ;;3.73;
-5;Stride;0.17;-;5.03;2.48;529;5.84 (R) ;-0.42 (L) ;0.71 (B) ;;3.13;
-4;Stride;0.19;-;4.76;4.3;529;6.62 (R) ;-0.36 (L) ;-2.01 (F) ;;5.22;
-3;Stride;0.12;-;4.49;3.5;538;3.02 (R) ;-0.36 (L) ;-4.97 (F) ;;3.83;
-2;Stride;0.13;-;3.87;2.54;484;0.58 (R) ;-0.44 (L) ;0.19 (B) ;;2.83;
-1;Stride;0.1;-;3.59;2.92;479;6.12 (R) ;-0.47 (L) ;-0.98 (F) ;;2.3;
40;Jump;-;1.64;7.74;4.2;442;3.32 (R) ;-0.66 (L) ;undefined ;32.88;6.91;
1;Stride;0.08;-;1.8;2.22;539;1.94 (R) ;-1.06 (L) ;-9.48 (F) ;;1.85;
2;Stride;0.05;-;4.53;3.55;494;3.84 (R) ;-0.92 (L) ;-0.83 (F) ;;2.75;
3;Stride;0.04;-;3.94;1.76;538;2.35 (R) ;-0.91 (L) ;-5.99 (F) ;;1.18;
4;Stride;0.08;-;4.65;3.03;547;3.4 (R) ;-0.82 (L) ;-5.21 (F) ;;3.42;
5;Stride;0.11;-;5.32;3.13;603;4.88 (R) ;-0.8 (L) ;-4.81 (F) ;;3.64;